run_id,protocol,scenario,hct_client_ms,hct_server_ms,ttfb_ms,bytes_total,tcp_segments,cpu_cycles,rss_delta
e88bc62d,KEMTLS,baseline,0.9369,0.556,1.4929000000000001,11093,12,0,0
e88bc62d,KEMTLS,baseline,0.8057,0.5066,1.3123,11093,12,0,0
e88bc62d,KEMTLS,baseline,0.7741,0.4884,1.2625,11093,12,0,0
e88bc62d,KEMTLS,baseline,0.7631,0.4836,1.2467,11093,12,0,0
e88bc62d,KEMTLS,baseline,1.3597,1.0879,2.4476,11093,12,0,0
e88bc62d,KEMTLS,baseline,1.2586,0.7573,2.0159,11093,12,0,0
e88bc62d,KEMTLS,baseline,1.2004,0.638,1.8384,11093,12,0,0
e88bc62d,KEMTLS,baseline,0.9737,0.6424,1.6160999999999999,11093,12,0,0
e88bc62d,KEMTLS,baseline,0.8876,0.569,1.4566,11093,12,0,0
e88bc62d,KEMTLS,baseline,0.8525,0.536,1.3885,11093,12,0,0
e88bc62d,KEMTLS,baseline,0.8374,0.5322,1.3696000000000002,11093,12,0,0
e88bc62d,KEMTLS,baseline,0.8404,0.5268,1.3672,11093,12,0,0
e88bc62d,KEMTLS,baseline,1.0767,0.6285,1.7052,11093,12,0,0
e88bc62d,KEMTLS,baseline,0.9335,0.5523,1.4858,11093,12,0,0
e88bc62d,KEMTLS,baseline,0.8733,0.5332,1.4064999999999999,11093,12,0,0
e88bc62d,KEMTLS,baseline,1.1872,0.7054,1.8926,11093,12,0,0
e88bc62d,KEMTLS,baseline,1.0533,0.604,1.6572999999999998,11093,12,0,0
e88bc62d,KEMTLS,baseline,0.9227,0.6055,1.5282,11093,12,0,4096
e88bc62d,KEMTLS,baseline,0.9523,0.5928,1.5451000000000001,11093,12,0,0
e88bc62d,KEMTLS,baseline,0.974,0.6681,1.6421000000000001,11093,12,0,0
e88bc62d,KEMTLS,baseline,1.0188,0.607,1.6258,11093,12,0,0
e88bc62d,KEMTLS,baseline,1.2209,1.0147,2.2356,11093,12,0,0
e88bc62d,KEMTLS,baseline,0.9877,0.5994,1.5871,11093,12,0,0
e88bc62d,KEMTLS,baseline,1.0702,0.6754,1.7456,11093,12,0,0
e88bc62d,KEMTLS,baseline,0.998,0.6189,1.6169,11093,12,0,0
e88bc62d,KEMTLS,baseline,1.0015,0.63,1.6315,11093,12,0,0
e88bc62d,KEMTLS,baseline,1.2146,0.8752,2.0898,11093,12,0,0
e88bc62d,KEMTLS,baseline,1.9312,1.1092,3.0404,11093,12,0,4096
e88bc62d,KEMTLS,baseline,1.0058,0.574,1.5798,11093,12,0,0
e88bc62d,KEMTLS,baseline,0.8903,0.5558,1.4461,11093,12,0,0
e88bc62d,KEMTLS,baseline,0.8886,0.5583,1.4468999999999999,11093,12,0,0
e88bc62d,KEMTLS,baseline,0.8643,0.5301,1.3944,11093,12,0,0
e88bc62d,KEMTLS,baseline,0.9022,0.5695,1.4717,11093,12,0,0
e88bc62d,KEMTLS,baseline,0.9894,0.7994,1.7888,11093,12,0,0
e88bc62d,KEMTLS,baseline,2.1924,1.0189,3.2113,11093,12,0,0
e88bc62d,KEMTLS,baseline,1.2079,0.7132,1.9211,11093,12,0,0
e88bc62d,KEMTLS,baseline,1.0193,0.7126,1.7319,11093,12,0,0
e88bc62d,KEMTLS,baseline,1.001,0.6432,1.6441999999999999,11093,12,0,0
e88bc62d,KEMTLS,baseline,0.9527,0.5753,1.528,11093,12,0,0
e88bc62d,KEMTLS,baseline,0.8888,0.5775,1.4663,11093,12,0,0
e88bc62d,KEMTLS,baseline,1.155,0.7471,1.9021,11093,12,0,0
e88bc62d,KEMTLS,baseline,0.9327,0.5949,1.5276,11093,12,0,0
e88bc62d,KEMTLS,baseline,0.8959,0.6349,1.5308000000000002,11093,12,0,0
e88bc62d,KEMTLS,baseline,0.9419,0.5613,1.5032,11093,12,0,0
e88bc62d,KEMTLS,baseline,0.8949,0.566,1.4609,11093,12,0,0
e88bc62d,KEMTLS,baseline,0.9138,0.578,1.4918,11093,12,0,0
e88bc62d,KEMTLS,baseline,1.027,0.5796,1.6065999999999998,11093,12,0,0
e88bc62d,KEMTLS,baseline,0.8527,0.5095,1.3622,11093,12,0,4096
e88bc62d,KEMTLS,baseline,0.9718,0.5451,1.5169000000000001,11093,12,0,0
e88bc62d,KEMTLS,baseline,0.7802,0.4887,1.2689,11093,12,0,0
e88bc62d,KEMTLS,baseline,0.766,0.4901,1.2561,11093,12,0,0
e88bc62d,KEMTLS,baseline,0.7793,0.4964,1.2757,11093,12,0,0
e88bc62d,KEMTLS,baseline,0.7658,0.4793,1.2451,11093,12,0,0
e88bc62d,KEMTLS,baseline,0.764,0.4789,1.2429000000000001,11093,12,0,0
e88bc62d,KEMTLS,baseline,0.7489,0.4759,1.2248,11093,12,0,0
e88bc62d,KEMTLS,baseline,0.7434,0.4752,1.2186,11093,12,0,0
e88bc62d,KEMTLS,baseline,0.7953,0.4905,1.2858,11093,12,0,0
e88bc62d,KEMTLS,baseline,0.7802,0.4775,1.2577,11093,12,0,0
e88bc62d,KEMTLS,baseline,0.8401,0.5103,1.3504,11093,12,0,0
e88bc62d,KEMTLS,baseline,0.7699,0.4789,1.2488000000000001,11093,12,0,0
e88bc62d,KEMTLS,baseline,0.7488,0.477,1.2258,11093,12,0,0
e88bc62d,KEMTLS,baseline,0.751,0.4753,1.2263,11093,12,0,0
e88bc62d,KEMTLS,baseline,0.7634,0.4747,1.2381,11093,12,0,0
e88bc62d,KEMTLS,baseline,0.7662,0.4768,1.2429999999999999,11093,12,0,0
e88bc62d,KEMTLS,baseline,0.7664,0.4899,1.2563,11093,12,0,0
e88bc62d,KEMTLS,baseline,0.75,0.4836,1.2336,11093,12,0,0
e88bc62d,KEMTLS,baseline,0.7516,0.49,1.2416,11093,12,0,0
e88bc62d,KEMTLS,baseline,0.752,0.4867,1.2387000000000001,11093,12,0,0
e88bc62d,KEMTLS,baseline,0.9975,0.5074,1.5049000000000001,11093,12,0,0
e88bc62d,KEMTLS,baseline,0.9321,0.5036,1.4357000000000002,11093,12,0,0
e88bc62d,KEMTLS,baseline,0.8668,0.5098,1.3766,11093,12,0,0
e88bc62d,KEMTLS,baseline,0.9205,0.5112,1.4317,11093,12,0,0
e88bc62d,KEMTLS,baseline,0.8083,0.5212,1.3295,11093,12,0,0
e88bc62d,KEMTLS,baseline,0.9124,0.5168,1.4292,11093,12,0,0
e88bc62d,KEMTLS,baseline,0.7694,0.4952,1.2646,11093,12,0,0
e88bc62d,KEMTLS,baseline,0.7505,0.4781,1.2286,11093,12,0,0
e88bc62d,KEMTLS,baseline,0.7517,0.4978,1.2495,11093,12,0,0
e88bc62d,KEMTLS,baseline,0.9097,0.5273,1.4369999999999998,11093,12,0,0
e88bc62d,KEMTLS,baseline,0.8002,0.4889,1.2891,11093,12,0,0
e88bc62d,KEMTLS,baseline,0.7469,0.4894,1.2363,11093,12,0,0
e88bc62d,KEMTLS,baseline,0.7506,0.4874,1.238,11093,12,0,0
e88bc62d,KEMTLS,baseline,0.7498,0.4777,1.2275,11093,12,0,0
e88bc62d,KEMTLS,baseline,0.75,0.4779,1.2279,11093,12,0,0
e88bc62d,KEMTLS,baseline,0.767,0.4944,1.2614,11093,12,0,4096
e88bc62d,KEMTLS,baseline,0.7793,0.4951,1.2744,11093,12,0,0
e88bc62d,KEMTLS,baseline,0.7834,0.4801,1.2635,11093,12,0,0
e88bc62d,KEMTLS,baseline,0.8257,0.4871,1.3128,11093,12,0,0
e88bc62d,KEMTLS,baseline,0.7987,0.4892,1.2879,11093,12,0,0
e88bc62d,KEMTLS,baseline,0.7671,0.4849,1.252,11093,12,0,0
e88bc62d,KEMTLS,baseline,0.8037,0.4857,1.2894,11093,12,0,0
e88bc62d,KEMTLS,baseline,0.7849,0.4916,1.2765,11093,12,0,0
e88bc62d,KEMTLS,baseline,0.7798,0.507,1.2868,11093,12,0,0
e88bc62d,KEMTLS,baseline,0.7867,0.5179,1.3046,11093,12,0,0
e88bc62d,KEMTLS,baseline,0.8355,0.5015,1.337,11093,12,0,0
e88bc62d,KEMTLS,baseline,0.9038,0.533,1.4368,11093,12,0,0
e88bc62d,KEMTLS,baseline,0.8758,0.7043,1.5801,11093,12,0,0
e88bc62d,KEMTLS,baseline,0.9508,0.5592,1.51,11093,12,0,0
e88bc62d,KEMTLS,baseline,0.9119,0.539,1.4509,11093,12,0,0
e88bc62d,KEMTLS,baseline,0.9129,0.5621,1.475,11093,12,0,0
e88bc62d,KEMTLS,baseline,0.8819,0.5205,1.4024,11093,12,0,0
e88bc62d,KEMTLS,baseline,0.8364,0.5178,1.3542,11093,12,0,0
e88bc62d,KEMTLS,baseline,0.8391,0.5082,1.3473,11093,12,0,0
e88bc62d,KEMTLS,baseline,0.8505,0.5219,1.3724,11093,12,0,0
e88bc62d,KEMTLS,baseline,0.8459,0.5113,1.3572,11093,12,0,0
e88bc62d,KEMTLS,baseline,0.8508,0.5197,1.3705,11093,12,0,0
e88bc62d,KEMTLS,baseline,0.8551,0.6271,1.4822,11093,12,0,0
e88bc62d,KEMTLS,baseline,0.8528,0.5522,1.405,11093,12,0,0
e88bc62d,KEMTLS,baseline,0.9854,0.5701,1.5555,11093,12,0,0
e88bc62d,KEMTLS,baseline,1.0324,0.6347,1.6671,11093,12,0,0
e88bc62d,KEMTLS,baseline,1.0274,0.5917,1.6191,11093,12,0,0
e88bc62d,KEMTLS,baseline,0.8943,0.5248,1.4191,11093,12,0,0
e88bc62d,KEMTLS,baseline,0.8745,0.5301,1.4046,11093,12,0,0
e88bc62d,KEMTLS,baseline,0.8276,0.5435,1.3711,11093,12,0,0
e88bc62d,KEMTLS,baseline,0.8757,0.5554,1.4311,11093,12,0,0
e88bc62d,KEMTLS,baseline,0.9402,0.5674,1.5076,11093,12,0,0
e88bc62d,KEMTLS,baseline,0.8322,0.5326,1.3648,11093,12,0,0
e88bc62d,KEMTLS,baseline,0.8692,0.5766,1.4458,11093,12,0,0
e88bc62d,KEMTLS,baseline,0.9948,0.6534,1.6482,11093,12,0,0
e88bc62d,KEMTLS,baseline,0.96,0.629,1.589,11093,12,0,0
e88bc62d,KEMTLS,baseline,0.9721,0.6483,1.6204,11093,12,0,0
e88bc62d,KEMTLS,baseline,0.9529,0.6468,1.5997,11093,12,0,0
e88bc62d,KEMTLS,baseline,1.0099,0.6416,1.6515,11093,12,0,0
e88bc62d,KEMTLS,baseline,1.0989,0.684,1.7829000000000002,11093,12,0,0
e88bc62d,KEMTLS,baseline,0.9911,0.6609,1.6520000000000001,11093,12,0,0
e88bc62d,KEMTLS,baseline,0.9172,0.5395,1.4567,11093,12,0,0
e88bc62d,KEMTLS,baseline,0.8458,0.518,1.3638,11093,12,0,0
e88bc62d,KEMTLS,baseline,0.827,0.5158,1.3428,11093,12,0,4096
e88bc62d,KEMTLS,baseline,0.8251,0.5205,1.3456,11093,12,0,0
e88bc62d,KEMTLS,baseline,0.8435,0.5102,1.3537,11093,12,0,0
e88bc62d,KEMTLS,baseline,1.1402,1.1752,2.3154000000000003,11093,12,0,0
e88bc62d,KEMTLS,baseline,1.4273,0.8075,2.2348,11093,12,0,0
e88bc62d,KEMTLS,baseline,1.2437,0.7498,1.9935,11093,12,0,0
e88bc62d,KEMTLS,baseline,1.1978,0.7244,1.9222000000000001,11093,12,0,0
e88bc62d,KEMTLS,baseline,0.9793,0.6288,1.6080999999999999,11093,12,0,0
e88bc62d,KEMTLS,baseline,0.9039,0.5752,1.4791,11093,12,0,0
e88bc62d,KEMTLS,baseline,0.9025,0.579,1.4815,11093,12,0,0
e88bc62d,KEMTLS,baseline,0.8937,0.509,1.4027,11093,12,0,0
e88bc62d,KEMTLS,baseline,0.788,0.4903,1.2783,11093,12,0,0
e88bc62d,KEMTLS,baseline,0.7803,0.4912,1.2715,11093,12,0,0
e88bc62d,KEMTLS,baseline,0.7936,0.4888,1.2824,11093,12,0,0
e88bc62d,KEMTLS,baseline,0.7873,0.4891,1.2764,11093,12,0,0
e88bc62d,KEMTLS,baseline,0.7795,0.508,1.2875,11093,12,0,0
e88bc62d,KEMTLS,baseline,0.8243,0.5082,1.3325,11093,12,0,0
e88bc62d,KEMTLS,baseline,0.7897,0.5114,1.3011,11093,12,0,0
e88bc62d,KEMTLS,baseline,0.808,0.5694,1.3774000000000002,11093,12,0,0
e88bc62d,KEMTLS,baseline,0.8352,0.511,1.3462,11093,12,0,0
e88bc62d,KEMTLS,baseline,0.8128,0.5024,1.3152,11093,12,0,0
e88bc62d,KEMTLS,baseline,0.8119,0.4968,1.3087,11093,12,0,0
e88bc62d,KEMTLS,baseline,0.8409,0.5032,1.3441,11093,12,0,0
e88bc62d,KEMTLS,baseline,0.8271,0.4987,1.3257999999999999,11093,12,0,0
e88bc62d,KEMTLS,baseline,0.7815,0.5295,1.311,11093,12,0,0
e88bc62d,KEMTLS,baseline,0.7877,0.5076,1.2953000000000001,11093,12,0,0
e88bc62d,KEMTLS,baseline,0.7823,0.4964,1.2787,11093,12,0,0
e88bc62d,KEMTLS,baseline,0.9259,0.5764,1.5023,11093,12,0,0
e88bc62d,KEMTLS,baseline,0.9341,0.5634,1.4975,11093,12,0,0
e88bc62d,KEMTLS,baseline,0.8951,0.5385,1.4336,11093,12,0,0
e88bc62d,KEMTLS,baseline,0.8769,0.5624,1.4393,11093,12,0,0
e88bc62d,KEMTLS,baseline,0.8026,0.499,1.3016,11093,12,0,0
e88bc62d,KEMTLS,baseline,0.793,0.4918,1.2848000000000002,11093,12,0,0
e88bc62d,KEMTLS,baseline,0.8392,0.4969,1.3361,11093,12,0,0
e88bc62d,KEMTLS,baseline,0.7861,0.5052,1.2913000000000001,11093,12,0,0
e88bc62d,KEMTLS,baseline,0.7862,0.4907,1.2769,11093,12,0,0
e88bc62d,KEMTLS,baseline,0.9875,0.8041,1.7916,11093,12,0,0
e88bc62d,KEMTLS,baseline,0.9212,0.5408,1.462,11093,12,0,0
e88bc62d,KEMTLS,baseline,0.9294,0.6936,1.623,11093,12,0,0
e88bc62d,KEMTLS,baseline,0.9671,0.6135,1.5806,11093,12,0,0
e88bc62d,KEMTLS,baseline,0.8605,0.5349,1.3954,11093,12,0,0
e88bc62d,KEMTLS,baseline,0.8577,0.5305,1.3881999999999999,11093,12,0,0
e88bc62d,KEMTLS,baseline,0.8988,0.526,1.4248,11093,12,0,0
e88bc62d,KEMTLS,baseline,0.9712,0.7099,1.6810999999999998,11093,12,0,0
e88bc62d,KEMTLS,baseline,1.2675,0.6155,1.883,11093,12,0,0
e88bc62d,KEMTLS,baseline,0.9258,0.5611,1.4868999999999999,11093,12,0,0
e88bc62d,KEMTLS,baseline,1.0351,0.6194,1.6544999999999999,11093,12,0,0
e88bc62d,KEMTLS,baseline,0.9643,0.5429,1.5072,11093,12,0,0
e88bc62d,KEMTLS,baseline,0.9148,0.5929,1.5076999999999998,11093,12,0,0
e88bc62d,KEMTLS,baseline,0.8701,0.5311,1.4012,11093,12,0,0
e88bc62d,KEMTLS,baseline,0.8992,0.5204,1.4196,11093,12,0,0
e88bc62d,KEMTLS,baseline,0.8959,0.5201,1.416,11093,12,0,0
e88bc62d,KEMTLS,baseline,0.9599,0.5778,1.5377,11093,12,0,0
e88bc62d,KEMTLS,baseline,0.9597,0.5372,1.4969000000000001,11093,12,0,0
e88bc62d,KEMTLS,baseline,1.5825,1.4392,3.0217,11093,12,0,0
e88bc62d,KEMTLS,baseline,1.8123,1.0259,2.8382,11093,12,0,0
e88bc62d,KEMTLS,baseline,1.3876,0.8129,2.2005,11093,12,0,0
e88bc62d,KEMTLS,baseline,1.3023,0.7568,2.0591,11093,12,0,0
e88bc62d,KEMTLS,baseline,1.2866,0.751,2.0376,11093,12,0,0
e88bc62d,KEMTLS,baseline,1.2847,0.7735,2.0582,11093,12,0,0
e88bc62d,KEMTLS,baseline,1.4072,0.8451,2.2523,11093,12,0,0
e88bc62d,KEMTLS,baseline,1.0703,0.6854,1.7557,11093,12,0,0
e88bc62d,KEMTLS,baseline,0.9292,0.577,1.5062,11093,12,0,0
e88bc62d,KEMTLS,baseline,0.86,0.5905,1.4505,11093,12,0,0
e88bc62d,KEMTLS,baseline,0.8706,0.5962,1.4668,11093,12,0,0
e88bc62d,KEMTLS,baseline,0.8737,0.5525,1.4262000000000001,11093,12,0,0
e88bc62d,KEMTLS,baseline,0.8928,0.6319,1.5247000000000002,11093,12,0,0
e88bc62d,KEMTLS,baseline,1.178,0.9986,2.1766,11093,12,0,0
e88bc62d,KEMTLS,baseline,1.4141,0.7872,2.2013,11093,12,0,0
e88bc62d,KEMTLS,baseline,1.2075,0.7453,1.9527999999999999,11093,12,0,0
e88bc62d,KEMTLS,baseline,1.1883,0.7332,1.9215,11093,12,0,0
e88bc62d,KEMTLS,baseline,1.0643,0.6326,1.6969,11093,12,0,0
e88bc62d,KEMTLS,baseline,0.7927,0.5024,1.2951,11093,12,0,0
e88bc62d,KEMTLS,baseline,0.7866,0.566,1.3525999999999998,11093,12,0,0
e88bc62d,KEMTLS,baseline,0.8547,0.5114,1.3660999999999999,11093,12,0,0
e88bc62d,KEMTLS,baseline,0.8138,0.5027,1.3165,11093,12,0,0
e88bc62d,KEMTLS,baseline,0.8005,0.5004,1.3009,11093,12,0,0
e88bc62d,KEMTLS,baseline,0.7914,0.5144,1.3058,11093,12,0,0
e88bc62d,KEMTLS,baseline,0.8001,0.5285,1.3286,11093,12,0,0
e88bc62d,KEMTLS,baseline,0.7919,0.5023,1.2942,11093,12,0,0
e88bc62d,KEMTLS,baseline,0.8068,0.5058,1.3126,11093,12,0,0
e88bc62d,KEMTLS,baseline,0.7951,0.5126,1.3077,11093,12,0,0
e88bc62d,KEMTLS,baseline,0.804,0.5006,1.3046000000000002,11093,12,0,0
e88bc62d,KEMTLS,baseline,0.7992,0.5043,1.3035,11093,12,0,0
e88bc62d,KEMTLS,baseline,0.8392,0.5295,1.3687,11093,12,0,0
e88bc62d,KEMTLS,baseline,0.8127,0.5015,1.3142,11093,12,0,0
e88bc62d,KEMTLS,baseline,0.8,0.5131,1.3131,11093,12,0,0
e88bc62d,KEMTLS,baseline,0.8013,0.502,1.3033000000000001,11093,12,0,0
e88bc62d,KEMTLS,baseline,0.7906,0.4993,1.2899,11093,12,0,0
e88bc62d,KEMTLS,baseline,0.8135,0.5019,1.3154,11093,12,0,0
e88bc62d,KEMTLS,baseline,0.813,0.5021,1.3151,11093,12,0,0
e88bc62d,KEMTLS,baseline,0.7931,0.5302,1.3233000000000001,11093,12,0,0
e88bc62d,KEMTLS,baseline,0.8014,0.5176,1.319,11093,12,0,0
e88bc62d,KEMTLS,baseline,1.4148,0.774,2.1888,11093,12,0,0
e88bc62d,KEMTLS,baseline,1.2689,0.7458,2.0147,11093,12,0,0
e88bc62d,KEMTLS,baseline,1.2192,0.7273,1.9465,11093,12,0,0
e88bc62d,KEMTLS,baseline,1.1862,0.7508,1.9369999999999998,11093,12,0,0
e88bc62d,KEMTLS,baseline,1.1706,0.745,1.9156,11093,12,0,0
e88bc62d,KEMTLS,baseline,1.2061,0.7189,1.9249999999999998,11093,12,0,0
e88bc62d,KEMTLS,baseline,2.9282,0.8742,3.8024,11093,12,0,0
e88bc62d,KEMTLS,baseline,1.1665,0.7493,1.9158,11093,12,0,0
e88bc62d,KEMTLS,baseline,1.1787,0.7027,1.8814000000000002,11093,12,0,0
e88bc62d,KEMTLS,baseline,1.157,0.6899,1.8469,11093,12,0,0
e88bc62d,KEMTLS,baseline,0.9986,0.6116,1.6102,11093,12,0,0
e88bc62d,KEMTLS,baseline,0.7918,0.508,1.2997999999999998,11093,12,0,0
e88bc62d,KEMTLS,baseline,0.8042,0.4886,1.2928,11093,12,0,0
e88bc62d,KEMTLS,baseline,1.0806,0.6292,1.7098,11093,12,0,0
e88bc62d,KEMTLS,baseline,1.0699,0.5279,1.5978,11093,12,0,0
e88bc62d,KEMTLS,baseline,0.8601,0.5482,1.4083,11093,12,0,0
e88bc62d,KEMTLS,baseline,0.8725,0.5168,1.3893,11093,12,0,0
e88bc62d,KEMTLS,baseline,0.8179,0.5048,1.3227,11093,12,0,0
e88bc62d,KEMTLS,baseline,0.8931,0.5379,1.431,11093,12,0,0
e88bc62d,KEMTLS,baseline,0.8253,0.5257,1.351,11093,12,0,0
e88bc62d,KEMTLS,baseline,0.8002,0.5169,1.3171,11093,12,0,0
e88bc62d,KEMTLS,baseline,0.8153,1.1711,1.9864000000000002,11093,12,0,0
e88bc62d,KEMTLS,baseline,0.9167,0.546,1.4627,11093,12,0,0
e88bc62d,KEMTLS,baseline,0.8378,0.5262,1.3639999999999999,11093,12,0,0
e88bc62d,KEMTLS,baseline,0.8306,0.5603,1.3909,11093,12,0,0
e88bc62d,KEMTLS,baseline,0.8659,0.5133,1.3792,11093,12,0,0
e88bc62d,KEMTLS,baseline,0.8049,0.5332,1.3380999999999998,11093,12,0,0
e88bc62d,KEMTLS,baseline,0.8257,0.5122,1.3378999999999999,11093,12,0,0
e88bc62d,KEMTLS,baseline,0.811,0.5113,1.3223,11093,12,0,0
e88bc62d,KEMTLS,baseline,0.9181,0.6581,1.5762,11093,12,0,0
e88bc62d,KEMTLS,baseline,0.9252,0.5446,1.4698,11093,12,0,0
e88bc62d,KEMTLS,baseline,1.012,0.5693,1.5813000000000001,11093,12,0,0
e88bc62d,KEMTLS,baseline,0.9083,0.5296,1.4379,11093,12,0,0
e88bc62d,KEMTLS,baseline,0.8598,0.5599,1.4197,11093,12,0,0
e88bc62d,KEMTLS,baseline,0.8877,0.5555,1.4432,11093,12,0,0
e88bc62d,KEMTLS,baseline,0.8836,0.5554,1.439,11093,12,0,0
e88bc62d,KEMTLS,baseline,0.8775,0.5387,1.4162,11093,12,0,0
e88bc62d,KEMTLS,baseline,0.9263,0.5325,1.4588,11093,12,0,0
e88bc62d,KEMTLS,baseline,0.8774,0.5347,1.4121,11093,12,0,0
e88bc62d,KEMTLS,baseline,1.2968,0.6737,1.9705,11093,12,0,0
e88bc62d,KEMTLS,baseline,1.0062,0.6733,1.6795,11093,12,0,0
e88bc62d,KEMTLS,baseline,1.1857,0.6296,1.8153000000000001,11093,12,0,0
e88bc62d,KEMTLS,baseline,1.2028,0.7906,1.9934,11093,12,0,0
e88bc62d,KEMTLS,baseline,9.377,1.4379,10.814900000000002,11093,12,0,0
e88bc62d,KEMTLS,baseline,1.551,0.9589,2.5099,11093,12,0,0
e88bc62d,KEMTLS,baseline,1.4341,0.8891,2.3232,11093,12,0,0
e88bc62d,KEMTLS,baseline,1.5244,0.8668,2.3912,11093,12,0,0
e88bc62d,KEMTLS,baseline,1.4667,0.8996,2.3663,11093,12,0,0
e88bc62d,KEMTLS,baseline,1.5545,0.8887,2.4432,11093,12,0,0
e88bc62d,KEMTLS,baseline,1.4241,0.8382,2.2622999999999998,11093,12,0,0
e88bc62d,KEMTLS,baseline,1.3646,0.8303,2.1949,11093,12,0,0
e88bc62d,KEMTLS,baseline,1.2951,0.8038,2.0989,11093,12,0,0
e88bc62d,KEMTLS,baseline,1.2687,0.7976,2.0663,11093,12,0,0
e88bc62d,KEMTLS,baseline,1.6821,1.2983,2.9804,11093,12,0,0
e88bc62d,KEMTLS,baseline,1.5614,0.8854,2.4467999999999996,11093,12,0,0
e88bc62d,KEMTLS,baseline,1.3207,0.8144,2.1351,11093,12,0,0
e88bc62d,KEMTLS,baseline,1.122,0.5916,1.7136,11093,12,0,0
e88bc62d,KEMTLS,baseline,0.9208,0.567,1.4878,11093,12,0,0
e88bc62d,KEMTLS,baseline,0.8984,0.5612,1.4596,11093,12,0,0
e88bc62d,KEMTLS,baseline,1.3737,0.9026,2.2763,11093,12,0,0
e88bc62d,KEMTLS,baseline,1.1459,0.6655,1.8114,11093,12,0,0
e88bc62d,KEMTLS,baseline,0.814,0.5226,1.3365999999999998,11093,12,0,0
e88bc62d,KEMTLS,baseline,0.7886,0.508,1.2966,11093,12,0,0
e88bc62d,KEMTLS,baseline,0.785,0.497,1.282,11093,12,0,0
e88bc62d,KEMTLS,baseline,0.7845,0.4873,1.2718,11093,12,0,0
e88bc62d,KEMTLS,baseline,0.8028,0.5477,1.3504999999999998,11093,12,0,0
e88bc62d,KEMTLS,baseline,0.8055,0.4873,1.2928,11093,12,0,0
e88bc62d,KEMTLS,baseline,0.7871,0.5056,1.2927,11093,12,0,0
e88bc62d,KEMTLS,baseline,0.7931,0.5136,1.3067,11093,12,0,0
e88bc62d,KEMTLS,baseline,0.7792,0.5025,1.2816999999999998,11093,12,0,0
e88bc62d,KEMTLS,baseline,0.7719,0.4856,1.2575,11093,12,0,0
e88bc62d,KEMTLS,baseline,0.8007,0.4917,1.2924,11093,12,0,0
e88bc62d,KEMTLS,baseline,0.81,0.4904,1.3004,11093,12,0,0
e88bc62d,KEMTLS,baseline,0.7931,0.4887,1.2818,11093,12,0,0
e88bc62d,KEMTLS,baseline,0.7755,0.5041,1.2795999999999998,11093,12,0,0
e88bc62d,KEMTLS,baseline,0.7757,0.5041,1.2797999999999998,11093,12,0,0
e88bc62d,KEMTLS,baseline,0.8377,0.5678,1.4055,11093,12,0,0
e88bc62d,KEMTLS,baseline,0.8387,0.5015,1.3401999999999998,11093,12,0,0
e88bc62d,KEMTLS,baseline,0.7906,0.4869,1.2774999999999999,11093,12,0,0
e88bc62d,KEMTLS,baseline,0.7899,0.4875,1.2774,11093,12,0,0
e88bc62d,KEMTLS,baseline,0.7898,0.4851,1.2749,11093,12,0,0
e88bc62d,KEMTLS,baseline,0.769,0.5026,1.2716,11093,12,0,0
e88bc62d,KEMTLS,baseline,0.7754,0.486,1.2614,11093,12,0,0
e88bc62d,KEMTLS,baseline,0.8597,0.489,1.3487,11093,12,0,0
e88bc62d,KEMTLS,baseline,0.7785,0.4902,1.2687,11093,12,0,0
e88bc62d,KEMTLS,baseline,0.779,0.5687,1.3477000000000001,11093,12,0,0
e88bc62d,KEMTLS,baseline,0.9362,0.5163,1.4525000000000001,11093,12,0,0
e88bc62d,KEMTLS,baseline,0.9067,0.6282,1.5349,11093,12,0,0
e88bc62d,KEMTLS,baseline,0.8535,0.5263,1.3798,11093,12,0,0
e88bc62d,KEMTLS,baseline,0.7815,0.501,1.2825,11093,12,0,0
e88bc62d,KEMTLS,baseline,0.7757,0.5043,1.2799999999999998,11093,12,0,0
e88bc62d,KEMTLS,baseline,0.7849,0.4826,1.2675,11093,12,0,0
e88bc62d,KEMTLS,baseline,0.7951,0.5229,1.318,11093,12,0,0
e88bc62d,KEMTLS,baseline,0.7904,0.4854,1.2758,11093,12,0,0
e88bc62d,KEMTLS,baseline,0.779,0.5215,1.3005,11093,12,0,0
e88bc62d,KEMTLS,baseline,0.7757,0.4822,1.2579,11093,12,0,0
e88bc62d,KEMTLS,baseline,0.7519,0.4968,1.2487,11093,12,0,0
e88bc62d,KEMTLS,baseline,0.7466,0.4702,1.2168,11093,12,0,0
e88bc62d,KEMTLS,baseline,0.7327,0.4685,1.2012,11093,12,0,0
e88bc62d,KEMTLS,baseline,0.738,0.453,1.191,11093,12,0,0
e88bc62d,KEMTLS,baseline,0.7918,0.4639,1.2557,11093,12,0,0
e88bc62d,KEMTLS,baseline,0.7283,0.4738,1.2021,11093,12,0,0
e88bc62d,KEMTLS,baseline,0.723,0.4731,1.1961,11093,12,0,0
e88bc62d,KEMTLS,baseline,0.7257,0.4629,1.1886,11093,12,0,0
e88bc62d,KEMTLS,baseline,0.7422,0.4948,1.237,11093,12,0,0
e88bc62d,KEMTLS,baseline,0.7612,0.4687,1.2299,11093,12,0,0
e88bc62d,KEMTLS,baseline,0.7268,0.4761,1.2029,11093,12,0,0
e88bc62d,KEMTLS,baseline,0.7295,0.4638,1.1933,11093,12,0,0
e88bc62d,KEMTLS,baseline,0.745,0.4676,1.2126000000000001,11093,12,0,0
e88bc62d,KEMTLS,baseline,0.7389,0.4623,1.2012,11093,12,0,0
e88bc62d,KEMTLS,baseline,0.7355,0.4635,1.199,11093,12,0,0
e88bc62d,KEMTLS,baseline,0.7376,0.4645,1.2021000000000002,11093,12,0,0
e88bc62d,KEMTLS,baseline,0.7248,0.4663,1.1911,11093,12,0,0
e88bc62d,KEMTLS,baseline,0.7246,0.464,1.1886,11093,12,0,0
e88bc62d,KEMTLS,baseline,0.743,0.4944,1.2374,11093,12,0,0
e88bc62d,KEMTLS,baseline,0.9206,0.5027,1.4233,11093,12,0,0
e88bc62d,KEMTLS,baseline,0.761,0.4885,1.2495,11093,12,0,0
e88bc62d,KEMTLS,baseline,0.7561,0.4864,1.2425,11093,12,0,0
e88bc62d,KEMTLS,baseline,0.7513,0.4679,1.2191999999999998,11093,12,0,0
e88bc62d,KEMTLS,baseline,0.7589,0.4676,1.2265000000000001,11093,12,0,0
e88bc62d,KEMTLS,baseline,0.857,0.471,1.3279999999999998,11093,12,0,0
e88bc62d,KEMTLS,baseline,0.7447,0.4674,1.2121,11093,12,0,0
e88bc62d,KEMTLS,baseline,0.7403,0.4637,1.204,11093,12,0,0
e88bc62d,KEMTLS,baseline,0.7326,0.4643,1.1969,11093,12,0,0
e88bc62d,KEMTLS,baseline,0.7342,0.465,1.1992,11093,12,0,0
e88bc62d,KEMTLS,baseline,0.7461,0.4725,1.2186,11093,12,0,0
e88bc62d,KEMTLS,baseline,0.7378,0.4858,1.2236,11093,12,0,0
e88bc62d,KEMTLS,baseline,0.733,0.4956,1.2286,11093,12,0,0
e88bc62d,KEMTLS,baseline,0.7328,0.463,1.1958,11093,12,0,0
e88bc62d,KEMTLS,baseline,0.727,0.4624,1.1894,11093,12,0,0
e88bc62d,KEMTLS,baseline,0.7386,0.4609,1.1995,11093,12,0,0
e88bc62d,KEMTLS,baseline,0.7259,0.4742,1.2001,11093,12,0,0
e88bc62d,KEMTLS,baseline,0.7271,0.4633,1.1904,11093,12,0,0
e88bc62d,KEMTLS,baseline,0.7268,0.4612,1.188,11093,12,0,0
e88bc62d,KEMTLS,baseline,0.7382,0.4621,1.2003,11093,12,0,0
e88bc62d,KEMTLS,baseline,0.7265,0.4768,1.2033,11093,12,0,0
e88bc62d,KEMTLS,baseline,0.7228,0.4721,1.1949,11093,12,0,0
e88bc62d,KEMTLS,baseline,0.7298,0.4682,1.198,11093,12,0,0
e88bc62d,KEMTLS,baseline,0.7282,0.465,1.1932,11093,12,0,0
e88bc62d,KEMTLS,baseline,0.7441,0.4669,1.2109999999999999,11093,12,0,0
e88bc62d,KEMTLS,baseline,0.7411,0.4783,1.2194,11093,12,0,0
e88bc62d,KEMTLS,baseline,0.7246,0.4614,1.186,11093,12,0,0
e88bc62d,KEMTLS,baseline,0.7212,0.4628,1.184,11093,12,0,0
e88bc62d,KEMTLS,baseline,0.7387,0.4619,1.2006000000000001,11093,12,0,0
e88bc62d,KEMTLS,baseline,0.7729,0.4685,1.2414,11093,12,0,0
e88bc62d,KEMTLS,baseline,0.742,0.4642,1.2062,11093,12,0,0
e88bc62d,KEMTLS,baseline,0.7254,0.4622,1.1876,11093,12,0,0
e88bc62d,KEMTLS,baseline,0.7338,0.4869,1.2207,11093,12,0,0
e88bc62d,KEMTLS,baseline,0.7492,0.4639,1.2130999999999998,11093,12,0,0
e88bc62d,KEMTLS,baseline,0.7301,0.4755,1.2056,11093,12,0,0
e88bc62d,KEMTLS,baseline,0.7215,0.4793,1.2008,11093,12,0,0
e88bc62d,KEMTLS,baseline,0.7316,0.4653,1.1969,11093,12,0,0
e88bc62d,KEMTLS,baseline,0.7325,0.4774,1.2099,11093,12,0,0
e88bc62d,KEMTLS,baseline,0.7378,0.4645,1.2023000000000001,11093,12,0,0
e88bc62d,KEMTLS,baseline,0.7424,0.4975,1.2399,11093,12,0,0
e88bc62d,KEMTLS,baseline,0.7551,0.4662,1.2213,11093,12,0,0
e88bc62d,KEMTLS,baseline,0.7287,0.4623,1.191,11093,12,0,0
e88bc62d,KEMTLS,baseline,0.7383,0.4616,1.1999,11093,12,0,0
e88bc62d,KEMTLS,baseline,0.7359,0.4652,1.2011,11093,12,0,0
e88bc62d,KEMTLS,baseline,0.74,0.4664,1.2064,11093,12,0,0
e88bc62d,KEMTLS,baseline,0.7086,0.4645,1.1731,11093,12,0,0
e88bc62d,KEMTLS,baseline,0.7439,0.4679,1.2118,11093,12,0,0
e88bc62d,KEMTLS,baseline,0.741,0.4654,1.2064,11093,12,0,0
e88bc62d,KEMTLS,baseline,0.7259,0.4772,1.2031,11093,12,0,0
e88bc62d,KEMTLS,baseline,0.7628,0.478,1.2408000000000001,11093,12,0,0
e88bc62d,KEMTLS,baseline,0.7332,0.4649,1.1981,11093,12,0,0
e88bc62d,KEMTLS,baseline,0.7325,0.4645,1.197,11093,12,0,0
e88bc62d,KEMTLS,baseline,0.7682,0.5049,1.2731,11093,12,0,0
e88bc62d,KEMTLS,baseline,0.7473,0.4867,1.234,11093,12,0,0
e88bc62d,KEMTLS,baseline,0.7298,0.4757,1.2055,11093,12,0,0
e88bc62d,KEMTLS,baseline,0.7253,0.4618,1.1871,11093,12,0,0
e88bc62d,KEMTLS,baseline,0.7293,0.4716,1.2008999999999999,11093,12,0,0
e88bc62d,KEMTLS,baseline,0.7387,0.4635,1.2022,11093,12,0,0
e88bc62d,KEMTLS,baseline,0.725,0.4708,1.1958,11093,12,0,0
e88bc62d,KEMTLS,baseline,0.9863,0.5156,1.5019,11093,12,0,0
e88bc62d,KEMTLS,baseline,0.7711,0.4966,1.2677,11093,12,0,0
e88bc62d,KEMTLS,baseline,0.7467,0.4647,1.2114,11093,12,0,0
e88bc62d,KEMTLS,baseline,0.7282,0.4683,1.1965,11093,12,0,0
e88bc62d,KEMTLS,baseline,0.7462,0.4662,1.2124,11093,12,0,0
e88bc62d,KEMTLS,baseline,0.7328,0.4798,1.2126000000000001,11093,12,0,0
e88bc62d,KEMTLS,baseline,0.7306,0.4625,1.1931,11093,12,0,0
e88bc62d,KEMTLS,baseline,0.729,0.4647,1.1937,11093,12,0,0
e88bc62d,KEMTLS,baseline,0.7381,0.4646,1.2027,11093,12,0,0
e88bc62d,KEMTLS,baseline,0.768,0.5488,1.3168,11093,12,0,0
e88bc62d,KEMTLS,baseline,0.7687,0.4883,1.2570000000000001,11093,12,0,0
e88bc62d,KEMTLS,baseline,0.7404,0.4658,1.2062,11093,12,0,0
e88bc62d,KEMTLS,baseline,0.738,0.4693,1.2073,11093,12,0,0
e88bc62d,KEMTLS,baseline,0.743,0.4634,1.2064,11093,12,0,0
e88bc62d,KEMTLS,baseline,0.7433,0.4649,1.2082,11093,12,0,0
e88bc62d,KEMTLS,baseline,0.7397,0.4637,1.2034,11093,12,0,0
e88bc62d,KEMTLS,baseline,0.715,0.4511,1.1661,11093,12,0,0
e88bc62d,KEMTLS,baseline,0.7355,0.4685,1.2040000000000002,11093,12,0,0
e88bc62d,KEMTLS,baseline,0.7455,0.4679,1.2134,11093,12,0,0
e88bc62d,KEMTLS,baseline,0.7633,0.5922,1.3555,11093,12,0,0
e88bc62d,KEMTLS,baseline,0.7801,0.4923,1.2724,11093,12,0,0
e88bc62d,KEMTLS,baseline,0.7821,0.4933,1.2754,11093,12,0,0
e88bc62d,KEMTLS,baseline,0.7784,0.4709,1.2492999999999999,11093,12,0,0
e88bc62d,KEMTLS,baseline,0.7785,0.4709,1.2494,11093,12,0,0
e88bc62d,KEMTLS,baseline,0.7915,0.4735,1.265,11093,12,0,0
e88bc62d,KEMTLS,baseline,0.7532,0.4668,1.22,11093,12,0,0
e88bc62d,KEMTLS,baseline,0.7558,0.4703,1.2261,11093,12,0,0
e88bc62d,KEMTLS,baseline,0.7397,0.4716,1.2113,11093,12,0,0
e88bc62d,KEMTLS,baseline,0.7798,0.4873,1.2671000000000001,11093,12,0,0
e88bc62d,KEMTLS,baseline,1.3492,0.9232,2.2724,11093,12,0,0
e88bc62d,KEMTLS,baseline,1.5196,0.893,2.4126000000000003,11093,12,0,0
e88bc62d,KEMTLS,baseline,1.4069,0.8219,2.2288,11093,12,0,0
e88bc62d,KEMTLS,baseline,1.0123,0.5075,1.5198,11093,12,0,0
e88bc62d,KEMTLS,baseline,0.8251,0.4958,1.3209,11093,12,0,0
e88bc62d,KEMTLS,baseline,1.8703,1.0764,2.9467,11093,12,0,0
e88bc62d,KEMTLS,baseline,1.2426,0.7294,1.972,11093,12,0,0
e88bc62d,KEMTLS,baseline,1.1613,0.7318,1.8931,11093,12,0,0
e88bc62d,KEMTLS,baseline,1.1884,0.7043,1.8927,11093,12,0,0
e88bc62d,KEMTLS,baseline,0.9555,0.6082,1.5636999999999999,11093,12,0,0
e88bc62d,KEMTLS,baseline,0.8523,0.4937,1.346,11093,12,0,0
e88bc62d,KEMTLS,baseline,0.7987,0.4853,1.284,11093,12,0,0
e88bc62d,KEMTLS,baseline,0.9978,0.5177,1.5155,11093,12,0,0
e88bc62d,KEMTLS,baseline,0.8037,0.4943,1.298,11093,12,0,0
e88bc62d,KEMTLS,baseline,0.8134,0.4959,1.3093,11093,12,0,0
e88bc62d,KEMTLS,baseline,0.8482,0.494,1.3422,11093,12,0,0
e88bc62d,KEMTLS,baseline,0.8836,0.498,1.3816000000000002,11093,12,0,0
e88bc62d,KEMTLS,baseline,0.942,0.5997,1.5417,11093,12,0,0
e88bc62d,KEMTLS,baseline,0.9446,0.5598,1.5044,11093,12,0,0
e88bc62d,KEMTLS,baseline,0.9249,0.5334,1.4583,11093,12,0,0
e88bc62d,KEMTLS,baseline,0.8157,0.5018,1.3175,11093,12,0,0
e88bc62d,KEMTLS,baseline,0.8443,0.5124,1.3567,11093,12,0,0
e88bc62d,KEMTLS,baseline,0.8132,0.5198,1.3330000000000002,11093,12,0,0
e88bc62d,KEMTLS,baseline,0.8132,0.4958,1.3090000000000002,11093,12,0,0
e88bc62d,KEMTLS,baseline,0.764,0.4842,1.2482,11093,12,0,0
e88bc62d,KEMTLS,baseline,0.919,0.5345,1.4535,11093,12,0,0
e88bc62d,KEMTLS,baseline,0.8042,0.4879,1.2921,11093,12,0,0
e88bc62d,KEMTLS,baseline,0.819,0.4806,1.2995999999999999,11093,12,0,0
e88bc62d,KEMTLS,baseline,0.7763,0.481,1.2572999999999999,11093,12,0,0
e88bc62d,KEMTLS,baseline,0.7497,0.4915,1.2412,11093,12,0,0
e88bc62d,KEMTLS,baseline,0.7769,0.5374,1.3143,11093,12,0,0
e88bc62d,KEMTLS,baseline,0.7836,0.4836,1.2671999999999999,11093,12,0,0
e88bc62d,KEMTLS,baseline,0.7503,0.4779,1.2282,11093,12,0,0
e88bc62d,KEMTLS,baseline,0.7602,0.4887,1.2489,11093,12,0,0
e88bc62d,KEMTLS,baseline,0.772,0.4803,1.2523,11093,12,0,0
e88bc62d,KEMTLS,baseline,0.7499,0.4976,1.2475,11093,12,0,0
e88bc62d,KEMTLS,baseline,0.8107,0.4981,1.3088,11093,12,0,0
e88bc62d,KEMTLS,baseline,0.7602,0.4812,1.2414,11093,12,0,0
e88bc62d,KEMTLS,baseline,0.7934,0.4874,1.2808,11093,12,0,20480
e88bc62d,KEMTLS,baseline,0.7664,0.485,1.2513999999999998,11093,12,0,4096
e88bc62d,KEMTLS,baseline,0.7707,0.4839,1.2546,11093,12,0,0
e88bc62d,KEMTLS,baseline,0.7642,0.4783,1.2425,11093,12,0,0
e88bc62d,KEMTLS,baseline,0.7636,0.4771,1.2407,11093,12,0,0
e88bc62d,KEMTLS,baseline,0.7535,0.4783,1.2318,11093,12,0,0
e88bc62d,KEMTLS,baseline,0.7708,0.4794,1.2502,11093,12,0,0
e88bc62d,KEMTLS,baseline,0.7654,0.4778,1.2431999999999999,11093,12,0,0
e88bc62d,KEMTLS,baseline,0.7666,0.4905,1.2570999999999999,11093,12,0,0
e88bc62d,KEMTLS,baseline,0.7501,0.4896,1.2397,11093,12,0,0
e88bc62d,KEMTLS,baseline,0.7481,0.4768,1.2248999999999999,11093,12,0,0
e88bc62d,KEMTLS,baseline,0.7594,0.4816,1.2409999999999999,11093,12,0,0
e88bc62d,KEMTLS,baseline,0.805,0.7625,1.5675,11093,12,0,36864
e88bc62d,KEMTLS,baseline,1.5736,0.8041,2.3777,11093,12,0,0
e88bc62d,KEMTLS,baseline,1.2655,0.7965,2.0620000000000003,11093,12,0,0
e88bc62d,KEMTLS,baseline,1.0024,0.6574,1.6598,11093,12,0,0
e88bc62d,KEMTLS,baseline,1.0825,0.5934,1.6759,11093,12,0,0
e88bc62d,KEMTLS,baseline,0.8575,0.5383,1.3958,11093,12,0,0
e88bc62d,KEMTLS,baseline,0.7632,0.472,1.2351999999999999,11093,12,0,0
e88bc62d,KEMTLS,baseline,0.7509,0.4807,1.2316,11093,12,0,0
e88bc62d,KEMTLS,baseline,0.7462,0.4781,1.2243,11093,12,0,0
e88bc62d,KEMTLS,baseline,0.7496,0.4751,1.2247000000000001,11093,12,0,0
e88bc62d,KEMTLS,baseline,0.7613,0.4765,1.2378,11093,12,0,0
e88bc62d,KEMTLS,baseline,0.8265,0.4759,1.3024,11093,12,0,0
e88bc62d,KEMTLS,baseline,0.749,0.4897,1.2387000000000001,11093,12,0,0
e88bc62d,KEMTLS,baseline,0.7428,0.4866,1.2294,11093,12,0,0
e88bc62d,KEMTLS,baseline,0.7452,0.4748,1.22,11093,12,0,0
e88bc62d,KEMTLS,baseline,0.7592,0.4751,1.2343,11093,12,0,0
e88bc62d,KEMTLS,baseline,0.7661,0.4722,1.2383,11093,12,0,0
e88bc62d,KEMTLS,baseline,0.784,0.5341,1.3181,11093,12,0,0
e88bc62d,KEMTLS,baseline,0.8184,0.4873,1.3057,11093,12,0,0
e88bc62d,KEMTLS,baseline,0.7726,0.4808,1.2534,11093,12,0,0
e88bc62d,KEMTLS,baseline,0.753,0.4782,1.2312,11093,12,0,0
e88bc62d,KEMTLS,baseline,0.8215,0.4725,1.294,11093,12,0,0
e88bc62d,KEMTLS,baseline,0.7805,0.4798,1.2603,11093,12,0,0
e88bc62d,KEMTLS,baseline,0.7518,0.4927,1.2445,11093,12,0,0
e88bc62d,KEMTLS,baseline,0.7482,0.4854,1.2336,11093,12,0,0
e88bc62d,KEMTLS,baseline,0.7612,0.4793,1.2405,11093,12,0,0
e88bc62d,KEMTLS,baseline,0.751,0.4772,1.2282,11093,12,0,0
e88bc62d,KEMTLS,baseline,0.9113,0.4949,1.4062000000000001,11093,12,0,0
e88bc62d,KEMTLS,baseline,0.837,0.5563,1.3933,11093,12,0,0
e88bc62d,KEMTLS,baseline,0.9285,0.5026,1.4311,11093,12,0,0
e88bc62d,KEMTLS,baseline,0.8231,0.4872,1.3103,11093,12,0,0
e88bc62d,KEMTLS,baseline,0.811,0.5307,1.3417,11093,12,0,0
e88bc62d,KEMTLS,baseline,0.7928,0.4851,1.2778999999999998,11093,12,0,0
e88bc62d,KEMTLS,baseline,0.746,0.4747,1.2207,11093,12,0,0
e88bc62d,KEMTLS,baseline,0.7451,0.4854,1.2305,11093,12,0,0
e88bc62d,KEMTLS,baseline,0.7642,0.472,1.2362,11093,12,0,0
e88bc62d,KEMTLS,baseline,0.7425,0.488,1.2305000000000001,11093,12,0,0
e88bc62d,KEMTLS,baseline,0.7562,0.4741,1.2303,11093,12,0,0
e88bc62d,KEMTLS,baseline,2.6869,1.3436,4.0305,11093,12,0,0
e88bc62d,KEMTLS,baseline,1.3588,0.8603,2.2191,11093,12,0,0
e88bc62d,KEMTLS,baseline,1.4213,0.9328,2.3541,11093,12,0,0
e88bc62d,KEMTLS,baseline,1.0271,0.6328,1.6599,11093,12,0,0
e88bc62d,KEMTLS,baseline,0.8978,0.6089,1.5067,11093,12,0,0
e88bc62d,KEMTLS,baseline,1.3174,0.5867,1.9041,11093,12,0,0
e88bc62d,KEMTLS,baseline,0.9183,0.5324,1.4506999999999999,11093,12,0,0
e88bc62d,KEMTLS,baseline,0.8413,0.5452,1.3865,11093,12,0,0
e88bc62d,KEMTLS,baseline,0.8908,0.5357,1.4264999999999999,11093,12,0,0
e88bc62d,KEMTLS,baseline,1.0863,0.8509,1.9372,11093,12,0,0
e88bc62d,KEMTLS,baseline,2.3088,1.3656,3.6744000000000003,11093,12,0,0
e88bc62d,KEMTLS,baseline,1.544,0.9438,2.4878,11093,12,0,0
e88bc62d,KEMTLS,baseline,1.0737,0.6131,1.6868,11093,12,0,0
e88bc62d,KEMTLS,baseline,1.3903,0.7016,2.0919,11093,12,0,0
e88bc62d,KEMTLS,baseline,2.6008,1.4056,4.0064,11093,12,0,0
e88bc62d,KEMTLS,baseline,1.1557,0.6763,1.8319999999999999,11093,12,0,0
e88bc62d,KEMTLS,baseline,1.9461,1.3412,3.2873,11093,12,0,0
e88bc62d,KEMTLS,baseline,1.5708,0.966,2.5368,11093,12,0,0
e88bc62d,KEMTLS,baseline,1.3142,0.8168,2.1310000000000002,11093,12,0,0
e88bc62d,KEMTLS,baseline,1.435,0.7873,2.2223,11093,12,0,0
e88bc62d,KEMTLS,baseline,1.2535,1.102,2.3555,11093,12,0,0
e88bc62d,KEMTLS,baseline,1.3164,0.6437,1.9601000000000002,11093,12,0,0
e88bc62d,KEMTLS,baseline,1.1388,0.7216,1.8604,11093,12,0,0
e88bc62d,KEMTLS,baseline,1.1599,0.6398,1.7997,11093,12,0,0
e88bc62d,KEMTLS,baseline,1.0759,0.7243,1.8002000000000002,11093,12,0,0
e88bc62d,KEMTLS,baseline,1.7114,1.3745,3.0859,11093,12,0,0
e88bc62d,KEMTLS,baseline,1.3889,0.7499,2.1388,11093,12,0,0
e88bc62d,KEMTLS,baseline,1.135,0.833,1.968,11093,12,0,0
e88bc62d,KEMTLS,baseline,1.1415,0.6304,1.7719,11093,12,0,0
e88bc62d,KEMTLS,baseline,0.981,0.6073,1.5882999999999998,11093,12,0,0
e88bc62d,KEMTLS,baseline,1.128,0.6743,1.8022999999999998,11093,12,0,0
e88bc62d,KEMTLS,baseline,1.0708,0.7158,1.7866,11093,12,0,0
e88bc62d,KEMTLS,baseline,1.4624,0.9965,2.4589,11093,12,0,0
e88bc62d,KEMTLS,baseline,1.0635,0.6051,1.6685999999999999,11093,12,0,0
e88bc62d,KEMTLS,baseline,1.2327,0.7025,1.9352,11093,12,0,0
e88bc62d,KEMTLS,baseline,1.0326,0.653,1.6856,11093,12,0,0
e88bc62d,KEMTLS,baseline,1.545,0.9335,2.4785,11093,12,0,0
e88bc62d,KEMTLS,baseline,3.4222,1.2518,4.674,11093,12,0,0
e88bc62d,KEMTLS,baseline,1.439,1.9178,3.3568,11093,12,0,0
e88bc62d,KEMTLS,baseline,1.5776,0.6066,2.1841999999999997,11093,12,0,0
e88bc62d,KEMTLS,baseline,1.4928,1.2371,2.7298999999999998,11093,12,0,0
e88bc62d,KEMTLS,baseline,1.7498,0.9294,2.6792,11093,12,0,0
e88bc62d,KEMTLS,baseline,1.4057,1.0189,2.4246,11093,12,0,0
e88bc62d,KEMTLS,baseline,1.9622,1.1334,3.0956,11093,12,0,0
e88bc62d,KEMTLS,baseline,1.6294,0.9668,2.5962,11093,12,0,0
e88bc62d,KEMTLS,baseline,1.7982,1.0807,2.8789,11093,12,0,0
e88bc62d,KEMTLS,baseline,1.6148,0.8312,2.446,11093,12,0,0
e88bc62d,KEMTLS,baseline,0.9497,0.5928,1.5425,11093,12,0,0
e88bc62d,KEMTLS,baseline,1.238,0.8616,2.0996,11093,12,0,0
e88bc62d,KEMTLS,baseline,1.0394,0.6638,1.7032,11093,12,0,0
e88bc62d,KEMTLS,baseline,1.0627,0.7259,1.7886,11093,12,0,0
e88bc62d,KEMTLS,baseline,1.1547,0.7691,1.9238,11093,12,0,0
e88bc62d,KEMTLS,baseline,1.7069,0.9591,2.666,11093,12,0,0
e88bc62d,KEMTLS,baseline,1.0901,0.6146,1.7047,11093,12,0,0
e88bc62d,KEMTLS,baseline,1.1315,0.6134,1.7449,11093,12,0,0
e88bc62d,KEMTLS,baseline,1.8534,1.0394,2.8928000000000003,11093,12,0,0
e88bc62d,KEMTLS,baseline,1.0713,0.6494,1.7207,11093,12,0,0
e88bc62d,KEMTLS,baseline,0.9948,0.6141,1.6089,11093,12,0,0
e88bc62d,KEMTLS,baseline,1.0742,0.6088,1.683,11093,12,0,0
e88bc62d,KEMTLS,baseline,1.0051,0.5864,1.5915000000000001,11093,12,0,0
e88bc62d,KEMTLS,baseline,1.2156,0.6105,1.8261,11093,12,0,0
e88bc62d,KEMTLS,baseline,1.3465,0.8814,2.2279,11093,12,0,0
e88bc62d,KEMTLS,baseline,1.3596,1.5446,2.9042,11093,12,0,0
e88bc62d,KEMTLS,baseline,1.2904,0.7839,2.0743,11093,12,0,0
e88bc62d,KEMTLS,baseline,1.7015,1.2966,2.9981,11093,12,0,0
e88bc62d,KEMTLS,baseline,3.4189,0.9853,4.4041999999999994,11093,12,0,0
e88bc62d,KEMTLS,baseline,1.2179,0.7426,1.9605000000000001,11093,12,0,0
e88bc62d,KEMTLS,baseline,1.4165,1.1352,2.5517000000000003,11093,12,0,0
e88bc62d,KEMTLS,baseline,1.4924,0.956,2.4484,11093,12,0,0
e88bc62d,KEMTLS,baseline,1.3211,0.989,2.3101,11093,12,0,0
e88bc62d,KEMTLS,baseline,2.0131,1.0726,3.0857,11093,12,0,0
e88bc62d,KEMTLS,baseline,1.0372,0.7493,1.7864999999999998,11093,12,0,0
e88bc62d,KEMTLS,baseline,1.3523,0.7359,2.0882,11093,12,0,0
e88bc62d,KEMTLS,baseline,1.2993,0.9838,2.2831,11093,12,0,0
e88bc62d,KEMTLS,baseline,1.8533,1.1905,3.0438,11093,12,0,0
e88bc62d,KEMTLS,baseline,1.6318,1.0076,2.6394,11093,12,0,0
e88bc62d,KEMTLS,baseline,1.7561,1.4889,3.245,11093,12,0,0
e88bc62d,KEMTLS,baseline,1.0167,0.5802,1.5969,11093,12,0,0
e88bc62d,KEMTLS,baseline,1.0495,0.6079,1.6574,11093,12,0,0
e88bc62d,KEMTLS,baseline,1.3945,0.8365,2.231,11093,12,0,0
e88bc62d,KEMTLS,baseline,1.2729,0.7203,1.9931999999999999,11093,12,0,0
e88bc62d,KEMTLS,baseline,1.293,0.6574,1.9504,11093,12,0,0
e88bc62d,KEMTLS,baseline,1.6537,1.0175,2.6712,11093,12,0,0
e88bc62d,KEMTLS,baseline,0.9524,0.5931,1.5455,11093,12,0,0
e88bc62d,KEMTLS,baseline,0.9723,0.6155,1.5878,11093,12,0,0
e88bc62d,KEMTLS,baseline,1.6295,3.4495,5.079,11093,12,0,0
e88bc62d,KEMTLS,baseline,1.6823,0.9691,2.6513999999999998,11093,12,0,0
e88bc62d,KEMTLS,baseline,1.4055,0.9663,2.3718,11093,12,0,0
e88bc62d,KEMTLS,baseline,1.3445,0.9912,2.3357,11093,12,0,0
e88bc62d,KEMTLS,baseline,2.8172,1.2441,4.0613,11093,12,0,0
e88bc62d,KEMTLS,baseline,1.8705,0.9616,2.8321,11093,12,0,0
e88bc62d,KEMTLS,baseline,1.4342,0.7749,2.2091,11093,12,0,0
e88bc62d,KEMTLS,baseline,1.6213,0.8848,2.5061,11093,12,0,0
e88bc62d,KEMTLS,baseline,1.0816,0.673,1.7546,11093,12,0,0
e88bc62d,KEMTLS,baseline,1.067,0.6774,1.7444,11093,12,0,0
e88bc62d,KEMTLS,baseline,1.0329,0.6247,1.6576,11093,12,0,0
e88bc62d,KEMTLS,baseline,1.0165,0.6386,1.6551,11093,12,0,0
e88bc62d,KEMTLS,baseline,1.1718,0.9293,2.1010999999999997,11093,12,0,0
e88bc62d,KEMTLS,baseline,1.6065,1.2755,2.882,11093,12,0,0
e88bc62d,KEMTLS,baseline,1.7017,1.0267,2.7283999999999997,11093,12,0,0
e88bc62d,KEMTLS,baseline,1.2986,0.7988,2.0974,11093,12,0,0
e88bc62d,KEMTLS,baseline,1.2151,0.6812,1.8963,11093,12,0,0
e88bc62d,KEMTLS,baseline,1.6287,1.031,2.6597,11093,12,0,0
e88bc62d,KEMTLS,baseline,1.2115,0.7299,1.9414,11093,12,0,0
e88bc62d,KEMTLS,baseline,1.9112,2.8105,4.7217,11093,12,0,0
e88bc62d,KEMTLS,baseline,1.4321,0.8837,2.3158,11093,12,0,0
e88bc62d,KEMTLS,baseline,2.1563,0.998,3.1543,11093,12,0,0
e88bc62d,KEMTLS,baseline,1.2396,0.6703,1.9099,11093,12,0,0
e88bc62d,KEMTLS,baseline,2.0122,1.1367,3.1489000000000003,11093,12,0,0
e88bc62d,KEMTLS,baseline,1.6458,0.9397,2.5854999999999997,11093,12,0,0
e88bc62d,KEMTLS,baseline,1.8739,1.1591,3.033,11093,12,0,0
e88bc62d,KEMTLS,baseline,1.7583,1.3584,3.1167,11093,12,0,0
e88bc62d,KEMTLS,baseline,2.1244,1.1841,3.3085,11093,12,0,0
e88bc62d,KEMTLS,baseline,1.5633,1.1324,2.6957,11093,12,0,0
e88bc62d,KEMTLS,baseline,2.0961,3.5684,5.6645,11093,12,0,0
e88bc62d,KEMTLS,baseline,2.5324,1.3494,3.8818,11093,12,0,0
e88bc62d,KEMTLS,baseline,1.5497,0.9881,2.5378,11093,12,0,0
e88bc62d,KEMTLS,baseline,1.7291,0.8785,2.6076,11093,12,0,0
e88bc62d,KEMTLS,baseline,1.915,1.1824,3.0974,11093,12,0,0
e88bc62d,KEMTLS,baseline,1.4035,0.8858,2.2893,11093,12,0,0
e88bc62d,KEMTLS,baseline,1.3268,0.8123,2.1391,11093,12,0,0
e88bc62d,KEMTLS,baseline,1.1207,0.6962,1.8169,11093,12,0,0
e88bc62d,KEMTLS,baseline,1.1346,0.7024,1.8370000000000002,11093,12,0,0
e88bc62d,KEMTLS,baseline,1.164,0.7246,1.8885999999999998,11093,12,0,0
e88bc62d,KEMTLS,baseline,1.4026,0.7417,2.1443000000000003,11093,12,0,0
e88bc62d,KEMTLS,baseline,1.1303,0.7927,1.923,11093,12,0,0
e88bc62d,KEMTLS,baseline,1.5452,0.988,2.5332,11093,12,0,0
e88bc62d,KEMTLS,baseline,2.6003,1.2344,3.8346999999999998,11093,12,0,0
e88bc62d,KEMTLS,baseline,1.7716,0.8763,2.6479,11093,12,0,0
e88bc62d,KEMTLS,baseline,1.1103,0.693,1.8033000000000001,11093,12,0,0
e88bc62d,KEMTLS,baseline,1.1183,0.7396,1.8579,11093,12,0,0
e88bc62d,KEMTLS,baseline,1.2617,0.879,2.1407,11093,12,0,0
e88bc62d,KEMTLS,baseline,1.4286,1.0031,2.4317,11093,12,0,0
e88bc62d,KEMTLS,baseline,1.2012,0.6376,1.8388,11093,12,0,0
e88bc62d,KEMTLS,baseline,0.9964,0.6386,1.6349999999999998,11093,12,0,0
e88bc62d,KEMTLS,baseline,1.7475,0.9633,2.7108,11093,12,0,0
e88bc62d,KEMTLS,baseline,1.9153,1.0368,2.9520999999999997,11093,12,0,0
e88bc62d,KEMTLS,baseline,1.5605,0.8925,2.453,11093,12,0,0
e88bc62d,KEMTLS,baseline,1.3564,0.8419,2.1983,11093,12,0,0
e88bc62d,KEMTLS,baseline,1.2964,0.7497,2.0461,11093,12,0,0
e88bc62d,KEMTLS,baseline,1.2226,0.7398,1.9624,11093,12,0,0
e88bc62d,KEMTLS,baseline,1.2179,0.7834,2.0013,11093,12,0,0
e88bc62d,KEMTLS,baseline,1.2844,0.7518,2.0362,11093,12,0,0
e88bc62d,KEMTLS,baseline,1.1926,0.708,1.9006,11093,12,0,0
e88bc62d,KEMTLS,baseline,1.1806,0.7162,1.8968,11093,12,0,0
e88bc62d,KEMTLS,baseline,1.2049,0.7344,1.9393000000000002,11093,12,0,0
e88bc62d,KEMTLS,baseline,1.1732,0.7264,1.8996,11093,12,0,0
e88bc62d,KEMTLS,baseline,1.1871,0.7249,1.912,11093,12,0,0
e88bc62d,KEMTLS,baseline,1.9273,0.9367,2.864,11093,12,0,0
e88bc62d,KEMTLS,baseline,1.2977,0.7485,2.0462000000000002,11093,12,0,0
e88bc62d,KEMTLS,baseline,1.1648,0.7314,1.8962,11093,12,0,0
e88bc62d,KEMTLS,baseline,1.1517,0.6998,1.8515,11093,12,0,0
e88bc62d,KEMTLS,baseline,1.1515,0.6932,1.8447,11093,12,0,0
e88bc62d,KEMTLS,baseline,1.1332,0.7081,1.8413,11093,12,0,0
e88bc62d,KEMTLS,baseline,1.5121,0.8028,2.3148999999999997,11093,12,0,0
e88bc62d,KEMTLS,baseline,1.3296,0.752,2.0816,11093,12,0,0
e88bc62d,KEMTLS,baseline,1.1942,0.7076,1.9018,11093,12,0,0
e88bc62d,KEMTLS,baseline,1.1464,0.7195,1.8659000000000001,11093,12,0,0
e88bc62d,KEMTLS,baseline,1.1832,0.7113,1.8945,11093,12,0,0
e88bc62d,KEMTLS,baseline,1.1999,0.7139,1.9138,11093,12,0,0
e88bc62d,KEMTLS,baseline,1.2463,0.7618,2.0080999999999998,11093,12,0,0
e88bc62d,KEMTLS,baseline,1.4386,0.9189,2.3575,11093,12,0,0
e88bc62d,KEMTLS,baseline,1.3543,0.7692,2.1235,11093,12,0,0
e88bc62d,KEMTLS,baseline,1.1569,0.7082,1.8651,11093,12,0,0
e88bc62d,KEMTLS,baseline,1.1941,0.7031,1.8971999999999998,11093,12,0,0
e88bc62d,KEMTLS,baseline,0.9452,0.5899,1.5351,11093,12,0,0
e88bc62d,KEMTLS,baseline,0.866,0.5881,1.4541,11093,12,0,0
e88bc62d,KEMTLS,baseline,1.9792,1.0292,3.0084,11093,12,0,0
e88bc62d,KEMTLS,baseline,1.6052,0.9549,2.5601,11093,12,0,0
e88bc62d,KEMTLS,baseline,1.3725,0.7816,2.1541,11093,12,0,0
e88bc62d,KEMTLS,baseline,1.4018,0.8263,2.2281,11093,12,0,0
e88bc62d,KEMTLS,baseline,1.3721,0.8071,2.1792000000000002,11093,12,0,0
e88bc62d,KEMTLS,baseline,1.4572,0.8431,2.3003,11093,12,0,0
e88bc62d,KEMTLS,baseline,1.3673,0.8274,2.1947,11093,12,0,0
e88bc62d,KEMTLS,baseline,1.4296,0.811,2.2406,11093,12,0,0
e88bc62d,KEMTLS,baseline,1.309,0.7816,2.0906,11093,12,0,0
e88bc62d,KEMTLS,baseline,1.2521,0.7647,2.0168,11093,12,0,0
e88bc62d,KEMTLS,baseline,2.2379,1.07,3.3079,11093,12,0,0
e88bc62d,KEMTLS,baseline,1.6305,0.9778,2.6083,11093,12,0,0
e88bc62d,KEMTLS,baseline,1.3792,0.7803,2.1595,11093,12,0,0
e88bc62d,KEMTLS,baseline,1.1544,0.5971,1.7515,11093,12,0,0
e88bc62d,KEMTLS,baseline,1.0596,0.611,1.6706,11093,12,0,0
e88bc62d,KEMTLS,baseline,1.6658,0.8111,2.4769,11093,12,0,0
e88bc62d,KEMTLS,baseline,1.5509,0.9991,2.55,11093,12,0,0
e88bc62d,KEMTLS,baseline,1.5211,1.1114,2.6325,11093,12,0,0
e88bc62d,KEMTLS,baseline,1.4517,0.9252,2.3769,11093,12,0,0
e88bc62d,KEMTLS,baseline,1.5109,0.8446,2.3555,11093,12,0,0
e88bc62d,KEMTLS,baseline,1.4991,0.9011,2.4002,11093,12,0,0
e88bc62d,KEMTLS,baseline,1.4689,0.8853,2.3542,11093,12,0,0
e88bc62d,KEMTLS,baseline,1.4087,0.8353,2.244,11093,12,0,0
e88bc62d,KEMTLS,baseline,1.3858,0.8421,2.2279,11093,12,0,0
e88bc62d,KEMTLS,baseline,1.3453,0.8238,2.1691,11093,12,0,0
e88bc62d,KEMTLS,baseline,1.3718,0.7953,2.1671,11093,12,0,0
e88bc62d,KEMTLS,baseline,1.3782,0.9184,2.2966,11093,12,0,0
e88bc62d,KEMTLS,baseline,1.2868,0.6975,1.9843,11093,12,0,0
e88bc62d,KEMTLS,baseline,0.886,0.581,1.467,11093,12,0,0
e88bc62d,KEMTLS,baseline,1.0291,0.5185,1.5475999999999999,11093,12,0,0
e88bc62d,KEMTLS,baseline,0.8433,0.5039,1.3472,11093,12,0,0
e88bc62d,KEMTLS,baseline,0.851,0.4979,1.3489,11093,12,0,0
e88bc62d,KEMTLS,baseline,0.7917,0.5202,1.3119,11093,12,0,0
e88bc62d,KEMTLS,baseline,0.8055,0.4961,1.3016,11093,12,0,0
e88bc62d,KEMTLS,baseline,0.9248,0.5576,1.4824,11093,12,0,0
e88bc62d,KEMTLS,baseline,1.0224,0.7227,1.7450999999999999,11093,12,0,0
e88bc62d,KEMTLS,baseline,0.9704,0.5314,1.5018,11093,12,0,0
e88bc62d,KEMTLS,baseline,0.8453,0.5325,1.3778000000000001,11093,12,0,0
e88bc62d,KEMTLS,baseline,0.9079,0.5395,1.4474,11093,12,0,0
e88bc62d,KEMTLS,baseline,0.8233,0.4946,1.3179,11093,12,0,0
e88bc62d,KEMTLS,baseline,0.7856,0.4958,1.2814,11093,12,0,0
e88bc62d,KEMTLS,baseline,0.8166,0.502,1.3186,11093,12,0,0
e88bc62d,KEMTLS,baseline,1.1165,0.577,1.6935,11093,12,0,0
e88bc62d,KEMTLS,baseline,0.8831,0.547,1.4301,11093,12,0,0
e88bc62d,KEMTLS,baseline,0.7845,0.489,1.2734999999999999,11093,12,0,0
e88bc62d,KEMTLS,baseline,0.7739,0.4883,1.2622,11093,12,0,0
e88bc62d,KEMTLS,baseline,0.788,0.4859,1.2739,11093,12,0,0
e88bc62d,KEMTLS,baseline,0.7924,0.4822,1.2746,11093,12,0,0
e88bc62d,KEMTLS,baseline,0.8035,0.4837,1.2872,11093,12,0,0
e88bc62d,KEMTLS,baseline,0.7639,0.5167,1.2806000000000002,11093,12,0,0
e88bc62d,KEMTLS,baseline,0.7715,0.5065,1.278,11093,12,0,0
e88bc62d,KEMTLS,baseline,1.0397,1.2393,2.279,11093,12,0,0
e88bc62d,KEMTLS,baseline,1.3444,0.7679,2.1123000000000003,11093,12,0,0
e88bc62d,KEMTLS,baseline,1.1883,0.7173,1.9056,11093,12,0,0
e88bc62d,KEMTLS,baseline,1.1613,0.7116,1.8729,11093,12,0,0
e88bc62d,KEMTLS,baseline,1.077,0.6052,1.6822,11093,12,0,0
e88bc62d,KEMTLS,baseline,0.8222,0.4944,1.3166,11093,12,0,0
e88bc62d,KEMTLS,baseline,0.7689,0.4808,1.2497,11093,12,0,0
e88bc62d,KEMTLS,baseline,1.5545,0.9388,2.4933,11093,12,0,0
e88bc62d,KEMTLS,baseline,1.2096,0.7345,1.9441000000000002,11093,12,0,0
e88bc62d,KEMTLS,baseline,1.137,0.7337,1.8707,11093,12,0,0
e88bc62d,KEMTLS,baseline,1.1482,0.6898,1.838,11093,12,0,0
e88bc62d,KEMTLS,baseline,0.9457,0.6126,1.5583,11093,12,0,0
e88bc62d,KEMTLS,baseline,0.7853,0.5361,1.3214000000000001,11093,12,0,0
e88bc62d,KEMTLS,baseline,1.1764,0.5959,1.7723,11093,12,0,0
e88bc62d,KEMTLS,baseline,0.8776,0.537,1.4146,11093,12,0,0
e88bc62d,KEMTLS,baseline,0.9378,0.5275,1.4653,11093,12,0,0
e88bc62d,KEMTLS,baseline,0.8395,0.5425,1.3820000000000001,11093,12,0,0
e88bc62d,KEMTLS,baseline,0.8325,0.5284,1.3609,11093,12,0,0
e88bc62d,KEMTLS,baseline,0.867,0.5127,1.3797000000000001,11093,12,0,0
e88bc62d,KEMTLS,baseline,0.859,0.569,1.428,11093,12,0,0
e88bc62d,KEMTLS,baseline,0.8348,0.5034,1.3382,11093,12,0,0
e88bc62d,KEMTLS,baseline,1.2948,0.9043,2.1991,11093,12,0,0
e88bc62d,KEMTLS,baseline,0.9735,0.6521,1.6256,11093,12,0,0
e88bc62d,KEMTLS,baseline,0.8739,0.5776,1.4515,11093,12,0,0
e88bc62d,KEMTLS,baseline,0.8128,0.5225,1.3353,11093,12,0,0
e88bc62d,KEMTLS,baseline,0.7952,0.5412,1.3364,11093,12,0,0
e88bc62d,KEMTLS,baseline,0.8208,0.4938,1.3146,11093,12,0,0
e88bc62d,KEMTLS,baseline,0.858,0.4942,1.3521999999999998,11093,12,0,0
e88bc62d,KEMTLS,baseline,0.804,0.488,1.292,11093,12,0,0
e88bc62d,KEMTLS,baseline,0.8151,0.7389,1.554,11093,12,0,0
e88bc62d,KEMTLS,baseline,0.7946,0.511,1.3056,11093,12,0,0
e88bc62d,KEMTLS,baseline,0.8249,0.4956,1.3205,11093,12,0,0
e88bc62d,KEMTLS,baseline,0.7816,0.5251,1.3067,11093,12,0,0
e88bc62d,KEMTLS,baseline,0.7788,0.5124,1.2912,11093,12,0,0
e88bc62d,KEMTLS,baseline,0.7837,0.5076,1.2913000000000001,11093,12,0,0
e88bc62d,KEMTLS,baseline,0.852,0.5301,1.3820999999999999,11093,12,0,0
e88bc62d,KEMTLS,baseline,0.7912,0.4899,1.2811,11093,12,0,0
e88bc62d,KEMTLS,baseline,0.8181,0.4927,1.3108,11093,12,0,0
e88bc62d,KEMTLS,baseline,2.6605,2.2885,4.949,11093,12,0,0
e88bc62d,KEMTLS,baseline,2.3275,1.1001,3.4276,11093,12,0,0
e88bc62d,KEMTLS,baseline,1.3732,0.7861,2.1593,11093,12,0,0
e88bc62d,KEMTLS,baseline,1.0944,0.6352,1.7296,11093,12,0,0
e88bc62d,KEMTLS,baseline,1.4039,1.0518,2.4557,11093,12,0,0
e88bc62d,KEMTLS,baseline,0.9288,0.5303,1.4590999999999998,11093,12,0,0
e88bc62d,KEMTLS,baseline,0.7942,0.4772,1.2714,11093,12,0,0
e88bc62d,KEMTLS,baseline,0.8259,0.5086,1.3345,11093,12,0,0
e88bc62d,KEMTLS,baseline,0.8231,0.496,1.3191000000000002,11093,12,0,0
e88bc62d,KEMTLS,baseline,0.9539,0.5135,1.4674,11093,12,0,0
e88bc62d,KEMTLS,baseline,0.8053,0.4908,1.2961,11093,12,0,0
e88bc62d,KEMTLS,baseline,0.9642,0.5222,1.4864,11093,12,0,0
e88bc62d,KEMTLS,baseline,0.8181,0.4976,1.3157,11093,12,0,0
e88bc62d,KEMTLS,baseline,0.8269,0.4851,1.3119999999999998,11093,12,0,0
e88bc62d,KEMTLS,baseline,0.8335,0.4876,1.3211,11093,12,0,0
e88bc62d,KEMTLS,baseline,0.8705,0.4919,1.3624,11093,12,0,0
e88bc62d,KEMTLS,baseline,0.7861,0.4907,1.2768000000000002,11093,12,0,0
e88bc62d,KEMTLS,baseline,0.8313,0.4988,1.3301,11093,12,0,0
e88bc62d,KEMTLS,baseline,0.7574,0.5123,1.2696999999999998,11093,12,0,0
e88bc62d,KEMTLS,baseline,0.8004,0.4863,1.2867,11093,12,0,0
e88bc62d,KEMTLS,baseline,0.9075,0.5319,1.4394,11093,12,0,0
e88bc62d,KEMTLS,baseline,0.7932,0.4894,1.2826,11093,12,0,0
e88bc62d,KEMTLS,baseline,0.7623,0.4931,1.2553999999999998,11093,12,0,0
e88bc62d,KEMTLS,baseline,0.7688,0.4837,1.2525,11093,12,0,0
e88bc62d,KEMTLS,baseline,0.7429,0.4864,1.2293,11093,12,0,0
e88bc62d,KEMTLS,baseline,0.7454,0.4746,1.22,11093,12,0,0
e88bc62d,KEMTLS,baseline,0.8099,0.4726,1.2825,11093,12,0,0
e88bc62d,KEMTLS,baseline,0.762,0.4739,1.2359,11093,12,0,0
e88bc62d,KEMTLS,baseline,0.7936,0.49,1.2835999999999999,11093,12,0,0
e88bc62d,KEMTLS,baseline,0.7769,0.5006,1.2775,11093,12,0,0
e88bc62d,KEMTLS,baseline,0.7671,0.4803,1.2474,11093,12,0,0
e88bc62d,KEMTLS,baseline,0.7473,0.4742,1.2215,11093,12,0,0
e88bc62d,KEMTLS,baseline,0.7453,0.4802,1.2255,11093,12,0,0
e88bc62d,KEMTLS,baseline,0.7642,0.4743,1.2385,11093,12,0,0
e88bc62d,KEMTLS,baseline,0.7727,0.4787,1.2514,11093,12,0,0
e88bc62d,KEMTLS,baseline,0.823,0.4733,1.2963,11093,12,0,0
e88bc62d,KEMTLS,baseline,0.7502,0.4739,1.2241,11093,12,0,0
e88bc62d,KEMTLS,baseline,0.7552,0.4811,1.2363,11093,12,0,0
e88bc62d,KEMTLS,baseline,0.8024,0.4998,1.3022,11093,12,0,0
e88bc62d,KEMTLS,baseline,0.7792,0.4773,1.2565,11093,12,0,0
e88bc62d,KEMTLS,baseline,0.7457,0.4858,1.2315,11093,12,0,0
e88bc62d,KEMTLS,baseline,0.7529,0.4871,1.24,11093,12,0,0
e88bc62d,KEMTLS,baseline,0.7556,0.4858,1.2414,11093,12,0,0
e88bc62d,KEMTLS,baseline,0.7565,0.4785,1.2349999999999999,11093,12,0,0
e88bc62d,KEMTLS,baseline,0.7582,0.4745,1.2327,11093,12,0,0
e88bc62d,KEMTLS,baseline,0.7434,0.4871,1.2305,11093,12,0,0
e88bc62d,KEMTLS,baseline,0.7481,0.4902,1.2383,11093,12,0,0
e88bc62d,KEMTLS,baseline,0.7475,0.4792,1.2267000000000001,11093,12,0,0
e88bc62d,KEMTLS,baseline,0.9523,0.9142,1.8665,11093,12,0,0
e88bc62d,KEMTLS,baseline,0.8866,0.5336,1.4202,11093,12,0,0
e88bc62d,KEMTLS,baseline,0.8295,0.5239,1.3534000000000002,11093,12,0,0
e88bc62d,KEMTLS,baseline,0.8059,0.5355,1.3414,11093,12,0,0
e88bc62d,KEMTLS,baseline,0.832,0.5273,1.3593,11093,12,0,0
e88bc62d,KEMTLS,baseline,0.8112,0.5344,1.3456000000000001,11093,12,0,0
e88bc62d,KEMTLS,baseline,0.8278,0.5263,1.3540999999999999,11093,12,0,0
e88bc62d,KEMTLS,baseline,0.8172,0.5215,1.3387,11093,12,0,0
e88bc62d,KEMTLS,baseline,0.8068,0.5279,1.3347,11093,12,0,0
e88bc62d,KEMTLS,baseline,2.3387,0.9903,3.3289999999999997,11093,12,0,0
e88bc62d,KEMTLS,baseline,1.3923,0.8493,2.2416,11093,12,0,0
e88bc62d,KEMTLS,baseline,1.2801,0.6298,1.9099,11093,12,0,0
e88bc62d,KEMTLS,baseline,1.1174,0.6562,1.7736,11093,12,0,0
e88bc62d,KEMTLS,baseline,0.9687,0.536,1.5047000000000001,11093,12,0,0
e88bc62d,KEMTLS,baseline,0.8768,0.5833,1.4601000000000002,11093,12,0,0
e88bc62d,KEMTLS,baseline,0.8614,0.5358,1.3972000000000002,11093,12,0,0
e88bc62d,KEMTLS,baseline,0.8555,0.5161,1.3716,11093,12,0,0
e88bc62d,KEMTLS,baseline,0.8884,0.5286,1.4169999999999998,11093,12,0,0
e88bc62d,KEMTLS,baseline,0.8386,0.5443,1.3829,11093,12,0,0
e88bc62d,KEMTLS,baseline,0.8293,0.5139,1.3432,11093,12,0,0
e88bc62d,KEMTLS,baseline,0.8288,0.5198,1.3486,11093,12,0,0
e88bc62d,KEMTLS,baseline,0.8314,0.5257,1.3571,11093,12,0,0
e88bc62d,KEMTLS,baseline,0.8394,0.5487,1.3881000000000001,11093,12,0,0
e88bc62d,KEMTLS,baseline,0.8511,0.5233,1.3744,11093,12,0,0
e88bc62d,KEMTLS,baseline,0.8249,0.5224,1.3473,11093,12,0,0
e88bc62d,KEMTLS,baseline,0.8471,0.522,1.3691,11093,12,0,0
e88bc62d,KEMTLS,baseline,0.9369,0.5561,1.4929999999999999,11093,12,0,0
e88bc62d,KEMTLS,baseline,1.5185,1.0776,2.5961,11093,12,0,0
e88bc62d,KEMTLS,baseline,0.8672,0.5055,1.3727,11093,12,0,0
e88bc62d,KEMTLS,baseline,0.7872,0.4981,1.2852999999999999,11093,12,0,0
e88bc62d,KEMTLS,baseline,0.7757,0.4873,1.263,11093,12,0,0
e88bc62d,KEMTLS,baseline,0.8472,0.5149,1.3620999999999999,11093,12,0,0
e88bc62d,KEMTLS,baseline,0.8091,0.4943,1.3034000000000001,11093,12,0,0
e88bc62d,KEMTLS,baseline,0.8096,0.5027,1.3123,11093,12,0,0
e88bc62d,KEMTLS,baseline,0.9507,0.4907,1.4414,11093,12,0,0
e88bc62d,KEMTLS,baseline,0.7694,0.4825,1.2519,11093,12,0,0
e88bc62d,KEMTLS,baseline,0.751,0.4771,1.2281,11093,12,0,0
e88bc62d,KEMTLS,baseline,0.7685,0.4741,1.2426,11093,12,0,0
e88bc62d,KEMTLS,baseline,0.7533,0.4726,1.2259,11093,12,0,0
e88bc62d,KEMTLS,baseline,0.7601,0.4927,1.2528000000000001,11093,12,0,0
e88bc62d,KEMTLS,baseline,0.7499,0.4756,1.2255,11093,12,0,0
e88bc62d,KEMTLS,baseline,0.7519,0.4773,1.2292,11093,12,0,0
e88bc62d,KEMTLS,baseline,0.7613,0.476,1.2372999999999998,11093,12,0,0
e88bc62d,KEMTLS,baseline,0.8299,0.7268,1.5567,11093,12,0,0
e88bc62d,KEMTLS,baseline,1.5184,0.9459,2.4642999999999997,11093,12,0,0
e88bc62d,KEMTLS,baseline,1.2161,0.7684,1.9845,11093,12,0,0
e88bc62d,KEMTLS,baseline,1.0885,0.6435,1.732,11093,12,0,0
e88bc62d,KEMTLS,baseline,1.1024,0.6345,1.7368999999999999,11093,12,0,0
e88bc62d,KEMTLS,baseline,0.8201,0.4861,1.3062,11093,12,0,0
e88bc62d,KEMTLS,baseline,0.7516,0.5093,1.2609,11093,12,0,0
e88bc62d,KEMTLS,baseline,0.8631,0.5449,1.408,11093,12,0,0
e88bc62d,KEMTLS,baseline,0.8578,0.4993,1.3571,11093,12,0,0
e88bc62d,KEMTLS,baseline,0.7965,0.5033,1.2997999999999998,11093,12,0,0
e88bc62d,KEMTLS,baseline,0.7558,0.4875,1.2433,11093,12,0,0
e88bc62d,KEMTLS,baseline,0.769,0.4919,1.2609,11093,12,0,0
e88bc62d,KEMTLS,baseline,0.7762,0.4799,1.2561,11093,12,0,0
e88bc62d,KEMTLS,baseline,0.757,0.5148,1.2718,11093,12,0,0
e88bc62d,KEMTLS,baseline,0.7574,0.494,1.2513999999999998,11093,12,0,0
e88bc62d,KEMTLS,baseline,0.797,0.4827,1.2797,11093,12,0,0
e88bc62d,KEMTLS,baseline,0.7564,0.4819,1.2383,11093,12,0,0
e88bc62d,KEMTLS,baseline,0.76,0.477,1.237,11093,12,0,0
e88bc62d,KEMTLS,baseline,0.8102,0.5132,1.3234,11093,12,0,0
e88bc62d,KEMTLS,baseline,0.802,0.5094,1.3114,11093,12,0,0
e88bc62d,KEMTLS,baseline,0.7854,0.5112,1.2966,11093,12,0,0
e88bc62d,KEMTLS,baseline,0.8307,0.4993,1.33,11093,12,0,0
e88bc62d,KEMTLS,baseline,0.7853,0.4887,1.274,11093,12,0,0
e88bc62d,KEMTLS,baseline,0.8028,0.4866,1.2893999999999999,11093,12,0,0
e88bc62d,KEMTLS,baseline,0.7935,0.4875,1.281,11093,12,0,0
e88bc62d,KEMTLS,baseline,0.7707,0.5032,1.2739,11093,12,0,0
e88bc62d,KEMTLS,baseline,0.7718,0.4808,1.2526000000000002,11093,12,0,0
e88bc62d,KEMTLS,baseline,0.8119,0.4844,1.2963,11093,12,0,0
e88bc62d,KEMTLS,baseline,0.8201,0.4926,1.3127,11093,12,0,0
e88bc62d,KEMTLS,baseline,0.7669,0.4824,1.2493,11093,12,0,0
e88bc62d,KEMTLS,baseline,0.7939,0.4789,1.2728000000000002,11093,12,0,0
e88bc62d,KEMTLS,baseline,0.75,0.49,1.24,11093,12,0,0
e88bc62d,KEMTLS,baseline,0.8138,0.4887,1.3025,11093,12,0,0
e88bc62d,KEMTLS,baseline,0.8286,0.4904,1.319,11093,12,0,0
e88bc62d,KEMTLS,baseline,0.7689,0.4823,1.2512,11093,12,0,0
e88bc62d,KEMTLS,baseline,0.7608,0.4894,1.2502,11093,12,0,0
e88bc62d,KEMTLS,baseline,0.7738,0.4833,1.2571,11093,12,0,0
e88bc62d,KEMTLS,baseline,0.8746,0.5406,1.4152,11093,12,0,0
e88bc62d,KEMTLS,baseline,0.7842,0.4841,1.2683,11093,12,0,0
e88bc62d,KEMTLS,baseline,0.7733,0.4973,1.2706,11093,12,0,0
e88bc62d,KEMTLS,baseline,0.795,0.4956,1.2906,11093,12,0,0
e88bc62d,KEMTLS,baseline,0.7732,0.4881,1.2612999999999999,11093,12,0,0
e88bc62d,KEMTLS,baseline,0.7502,0.5182,1.2684,11093,12,0,0
e88bc62d,KEMTLS,baseline,0.7505,0.4713,1.2218,11093,12,0,0
e88bc62d,KEMTLS,baseline,0.7468,0.4692,1.216,11093,12,0,0
e88bc62d,KEMTLS,baseline,0.776,0.4763,1.2523,11093,12,0,0
e88bc62d,KEMTLS,baseline,0.7419,0.4731,1.215,11093,12,0,0
e88bc62d,KEMTLS,baseline,0.7813,0.4722,1.2535,11093,12,0,0
e88bc62d,KEMTLS,baseline,0.7508,0.4681,1.2189,11093,12,0,0
e88bc62d,KEMTLS,baseline,0.7683,0.4671,1.2354,11093,12,0,0
e88bc62d,KEMTLS,baseline,0.736,0.4682,1.2042,11093,12,0,0
e88bc62d,KEMTLS,baseline,0.7313,0.4526,1.1839,11093,12,0,0
e88bc62d,KEMTLS,baseline,0.7753,0.4663,1.2416,11093,12,0,0
e88bc62d,KEMTLS,baseline,0.7696,0.5137,1.2833,11093,12,0,0
e88bc62d,KEMTLS,baseline,0.7546,0.4847,1.2393,11093,12,0,0
e88bc62d,KEMTLS,baseline,0.7379,0.4689,1.2067999999999999,11093,12,0,0
e88bc62d,KEMTLS,baseline,0.789,0.5011,1.2901,11093,12,0,0
e88bc62d,KEMTLS,baseline,0.8201,0.5295,1.3496000000000001,11093,12,0,0
e88bc62d,KEMTLS,baseline,0.7886,0.4789,1.2675,11093,12,0,0
e88bc62d,KEMTLS,baseline,0.7463,0.4665,1.2128,11093,12,0,0
e88bc62d,KEMTLS,baseline,0.7511,0.5115,1.2626,11093,12,0,0
e88bc62d,KEMTLS,baseline,0.7499,0.4703,1.2202,11093,12,0,0
e88bc62d,KEMTLS,baseline,0.7528,0.4713,1.2241,11093,12,0,0
e88bc62d,KEMTLS,baseline,0.7424,0.4779,1.2203,11093,12,0,0
e88bc62d,KEMTLS,baseline,0.7881,0.4707,1.2588,11093,12,0,0
e88bc62d,KEMTLS,baseline,0.7355,0.4802,1.2157,11093,12,0,0
e88bc62d,KEMTLS,baseline,1.6769,1.1622,2.8391,11093,12,0,0
e88bc62d,KEMTLS,baseline,0.7714,0.4751,1.2465,11093,12,0,0
e88bc62d,KEMTLS,baseline,0.7534,0.4671,1.2205,11093,12,0,0
e88bc62d,KEMTLS,baseline,0.7619,0.5336,1.2955,11093,12,0,0
e88bc62d,KEMTLS,baseline,0.7927,0.4707,1.2633999999999999,11093,12,0,0
e88bc62d,KEMTLS,baseline,0.7406,0.4676,1.2082000000000002,11093,12,0,0
e88bc62d,KEMTLS,baseline,0.7371,0.4689,1.206,11093,12,0,0
e88bc62d,KEMTLS,baseline,0.7656,0.4745,1.2401,11093,12,0,0
e88bc62d,KEMTLS,baseline,0.7316,0.4783,1.2099,11093,12,0,0
e88bc62d,KEMTLS,baseline,1.8002,0.9783,2.7785,11093,12,0,0
e88bc62d,KEMTLS,baseline,2.0182,1.2206,3.2388000000000003,11093,12,0,0
e88bc62d,KEMTLS,baseline,1.5229,0.8385,2.3613999999999997,11093,12,0,0
e88bc62d,KEMTLS,baseline,1.312,0.6822,1.9942000000000002,11093,12,0,0
e88bc62d,KEMTLS,baseline,0.9585,0.5815,1.54,11093,12,0,0
e88bc62d,KEMTLS,baseline,0.9934,0.5646,1.5579999999999998,11093,12,0,0
e88bc62d,KEMTLS,baseline,0.927,0.5549,1.4819,11093,12,0,0
e88bc62d,KEMTLS,baseline,0.9897,0.6592,1.6489,11093,12,0,0
e88bc62d,KEMTLS,baseline,1.0741,0.6276,1.7017000000000002,11093,12,0,0
e88bc62d,KEMTLS,baseline,0.9441,0.5791,1.5232,11093,12,0,0
e88bc62d,KEMTLS,baseline,0.9777,0.5907,1.5684,11093,12,0,0
e88bc62d,KEMTLS,baseline,0.8123,0.5257,1.338,11093,12,0,0
e88bc62d,KEMTLS,baseline,0.7959,0.513,1.3089,11093,12,0,0
e88bc62d,KEMTLS,baseline,0.8866,0.5245,1.4111,11093,12,0,0
e88bc62d,KEMTLS,baseline,0.8132,0.5004,1.3136,11093,12,0,0
e88bc62d,KEMTLS,baseline,1.0406,0.9513,1.9919,11093,12,0,0
e88bc62d,KEMTLS,baseline,1.4432,0.8773,2.3205,11093,12,0,0
e88bc62d,KEMTLS,baseline,1.0301,0.6138,1.6439,11093,12,0,0
e88bc62d,KEMTLS,baseline,0.9131,0.5146,1.4277,11093,12,0,0
e88bc62d,KEMTLS,baseline,0.8682,0.517,1.3852,11093,12,0,0
e88bc62d,KEMTLS,baseline,0.837,0.4914,1.3284,11093,12,0,0
e88bc62d,KEMTLS,baseline,0.7928,0.4917,1.2845,11093,12,0,0
e88bc62d,KEMTLS,baseline,0.8258,0.6558,1.4816,11093,12,0,0
e88bc62d,KEMTLS,baseline,1.7039,0.9102,2.6141,11093,12,0,0
e88bc62d,KEMTLS,baseline,1.189,0.7569,1.9459,11093,12,0,0
e88bc62d,KEMTLS,baseline,1.0004,0.5791,1.5795,11093,12,0,0
e88bc62d,KEMTLS,baseline,0.8726,0.552,1.4246,11093,12,0,0
e88bc62d,KEMTLS,baseline,0.8354,0.5308,1.3662,11093,12,0,0
e88bc62d,KEMTLS,baseline,0.9123,0.5591,1.4714,11093,12,0,0
e88bc62d,KEMTLS,baseline,0.9664,0.5697,1.5361,11093,12,0,0
e88bc62d,KEMTLS,baseline,0.9042,0.5489,1.4531,11093,12,0,0
e88bc62d,KEMTLS,baseline,1.1975,0.6275,1.825,11093,12,0,0
e88bc62d,KEMTLS,baseline,0.9177,0.5695,1.4872,11093,12,0,0
e88bc62d,KEMTLS,baseline,0.7862,0.5147,1.3009,11093,12,0,0
e88bc62d,KEMTLS,baseline,0.8096,0.4945,1.3041,11093,12,0,0
e88bc62d,KEMTLS,baseline,0.9251,0.5227,1.4478,11093,12,0,0
e88bc62d,KEMTLS,baseline,0.8648,0.5122,1.377,11093,12,0,0
e88bc62d,KEMTLS,baseline,0.836,0.5085,1.3445,11093,12,0,36864
e88bc62d,KEMTLS,baseline,0.7684,0.4872,1.2556,11093,12,0,0
e88bc62d,KEMTLS,baseline,0.91,0.5349,1.4449,11093,12,0,0
e88bc62d,KEMTLS,baseline,0.9219,0.4945,1.4164,11093,12,0,0
e88bc62d,KEMTLS,baseline,0.8289,0.4821,1.311,11093,12,0,0
e88bc62d,KEMTLS,baseline,0.7488,0.4875,1.2363,11093,12,0,0
e88bc62d,KEMTLS,baseline,0.8297,0.4859,1.3155999999999999,11093,12,0,0
e88bc62d,KEMTLS,baseline,0.7774,0.4916,1.269,11093,12,0,0
e88bc62d,KEMTLS,baseline,0.7373,0.468,1.2053,11093,12,0,0
e88bc62d,KEMTLS,baseline,0.7377,0.4623,1.2,11093,12,0,0
e88bc62d,KEMTLS,baseline,0.8169,0.4845,1.3014,11093,12,0,0
e88bc62d,KEMTLS,baseline,0.7843,0.4943,1.2786,11093,12,0,0
e88bc62d,KEMTLS,baseline,0.8535,0.5409,1.3944,11093,12,0,0
e88bc62d,KEMTLS,baseline,0.976,0.5399,1.5159,11093,12,0,0
e88bc62d,KEMTLS,baseline,0.8931,0.5532,1.4463,11093,12,0,0
e88bc62d,KEMTLS,baseline,0.8951,0.4887,1.3838,11093,12,0,0
e88bc62d,KEMTLS,baseline,0.7631,0.4747,1.2378,11093,12,0,0
e88bc62d,KEMTLS,baseline,0.7627,0.4847,1.2474,11093,12,0,0
e88bc62d,KEMTLS,baseline,0.8245,0.5697,1.3942,11093,12,0,0
e88bc62d,KEMTLS,baseline,0.797,0.4694,1.2664,11093,12,0,0
e88bc62d,KEMTLS,baseline,0.7419,0.4698,1.2117,11093,12,0,0
e88bc62d,KEMTLS,baseline,0.834,0.7805,1.6145,11093,12,0,0
e88bc62d,KEMTLS,baseline,0.8807,0.5474,1.4281000000000001,11093,12,0,0
e88bc62d,KEMTLS,baseline,0.836,0.5686,1.4045999999999998,11093,12,0,0
e88bc62d,KEMTLS,baseline,0.8363,0.4991,1.3354,11093,12,0,0
e88bc62d,KEMTLS,baseline,0.905,0.5401,1.4451,11093,12,0,0
e88bc62d,KEMTLS,baseline,0.8639,0.5286,1.3925,11093,12,0,0
e88bc62d,KEMTLS,baseline,0.8091,0.4989,1.308,11093,12,0,0
e88bc62d,KEMTLS,baseline,0.9087,0.6041,1.5128,11093,12,0,0
e88bc62d,KEMTLS,baseline,0.7954,0.5021,1.2974999999999999,11093,12,0,0
e88bc62d,KEMTLS,baseline,0.8314,0.4926,1.324,11093,12,0,0
