run_id,protocol,scenario,t_discovery_ms,t_authorize_ms,t_token_ms,t_userinfo_ms,t_auth_total_ms,t_jwt_sign_ms,t_jwt_verify_ms,s_id_token_bytes,s_id_token_sig
0e4f830e,OIDC,baseline,0.662,0.7047,3.1112,0.9884,5.651,2.066,0.3313,4636,3309
0e4f830e,OIDC,baseline,0.4599,0.6019,4.1473,0.9923,6.3558,3.138,0.3267,4636,3309
0e4f830e,OIDC,baseline,0.4288,0.6941,2.9791,0.8801,5.131,1.9693,0.3184,4636,3309
0e4f830e,OIDC,baseline,0.442,1.1767,3.6558,1.1307,6.6103,2.1445,0.3575,4636,3309
0e4f830e,OIDC,baseline,0.5177,0.9446,4.1672,1.6315,7.5292,2.6323,0.4641,4636,3309
0e4f830e,OIDC,baseline,0.622,0.8876,5.6222,1.2715,8.6154,4.3612,0.4166,4636,3309
0e4f830e,OIDC,baseline,0.5624,0.7319,3.0122,0.9735,5.4517,1.7903,0.3394,4636,3309
0e4f830e,OIDC,baseline,0.4046,0.5486,2.156,0.8696,4.1069,1.3148,0.3105,4636,3309
0e4f830e,OIDC,baseline,0.4392,0.5637,4.1043,0.8886,6.134,3.106,0.3389,4636,3309
0e4f830e,OIDC,baseline,0.3808,0.8715,4.2283,0.9121,6.5417,3.0487,0.3232,4636,3309
0e4f830e,OIDC,baseline,0.4161,0.5841,2.5081,0.8733,4.5201,1.5257,0.3335,4636,3309
0e4f830e,OIDC,baseline,0.3658,0.5614,3.6206,1.1018,5.7989,2.4708,0.3956,4636,3309
0e4f830e,OIDC,baseline,0.5019,0.6804,3.7493,0.8951,5.9648,2.2934,0.3256,4636,3309
0e4f830e,OIDC,baseline,0.4315,0.5484,2.7933,0.9263,4.8366,1.822,0.3434,4636,3309
0e4f830e,OIDC,baseline,0.4072,0.5504,5.0059,1.0933,7.2063,3.836,0.35,4636,3309
0e4f830e,OIDC,baseline,0.6923,0.6652,2.8687,1.0091,5.4298,1.6492,0.3354,4636,3309
0e4f830e,OIDC,baseline,0.5015,0.7103,6.0847,0.961,8.4306,4.7774,0.3298,4636,3309
0e4f830e,OIDC,baseline,0.4557,0.6206,2.9461,0.8945,5.0776,1.967,0.3193,4636,3309
0e4f830e,OIDC,baseline,0.424,0.6319,3.2471,0.9806,5.4343,2.0193,0.3464,4636,3309
0e4f830e,OIDC,baseline,0.4253,0.5532,3.3675,0.9213,5.411,2.1896,0.3234,4636,3309
0e4f830e,OIDC,baseline,0.4553,0.7165,3.1641,1.0252,5.533,2.1484,0.333,4636,3309
0e4f830e,OIDC,baseline,0.5698,0.8859,3.2587,1.3248,6.3274,2.0218,0.49,4636,3309
0e4f830e,OIDC,baseline,0.518,0.6106,4.9701,1.458,7.7339,3.3552,0.5351,4636,3309
0e4f830e,OIDC,baseline,0.486,0.7015,3.0515,1.1006,5.5846,1.8746,0.3886,4636,3309
0e4f830e,OIDC,baseline,0.5392,0.6824,3.6393,1.1149,6.1399,2.528,0.3874,4636,3309
0e4f830e,OIDC,baseline,0.4077,0.544,2.3867,0.9188,4.3931,1.3904,0.3097,4636,3309
0e4f830e,OIDC,baseline,0.3799,0.5313,4.6409,0.8736,6.5633,3.4312,0.312,4636,3309
0e4f830e,OIDC,baseline,0.3717,0.5683,6.0005,1.1903,8.3008,4.7175,0.3646,4636,3309
0e4f830e,OIDC,baseline,0.4852,0.691,3.023,1.0095,5.3819,1.9396,0.3706,4636,3309
0e4f830e,OIDC,baseline,0.4641,0.7003,4.2294,1.3457,6.9305,2.9365,0.4643,4636,3309
0e4f830e,OIDC,baseline,0.5484,0.716,3.511,1.2484,6.2219,2.4093,0.4994,4636,3309
0e4f830e,OIDC,baseline,0.4573,0.6251,3.699,0.9277,5.8571,2.578,0.3302,4636,3309
0e4f830e,OIDC,baseline,0.4009,0.6116,2.7618,1.4224,5.3465,1.7041,0.5478,4636,3309
0e4f830e,OIDC,baseline,0.6491,0.6034,2.5743,0.8985,4.8805,1.5569,0.3283,4636,3309
0e4f830e,OIDC,baseline,0.5368,0.6005,3.5256,0.9095,5.7253,2.3655,0.3262,4636,3309
0e4f830e,OIDC,baseline,0.3918,0.5878,4.05,1.2529,6.4537,2.8587,0.4028,4636,3309
0e4f830e,OIDC,baseline,0.5242,0.6176,2.6711,0.9456,4.9139,1.6392,0.3261,4636,3309
0e4f830e,OIDC,baseline,0.516,0.601,2.6267,0.9216,4.8154,1.578,0.3234,4636,3309
0e4f830e,OIDC,baseline,0.4237,0.6311,6.9458,0.9806,9.1363,5.8916,0.3302,4636,3309
0e4f830e,OIDC,baseline,0.411,0.5646,5.0171,1.3016,7.4733,3.8178,0.4985,4636,3309
0e4f830e,OIDC,baseline,0.5967,1.0744,4.0725,1.0319,7.0186,2.353,0.3967,4636,3309
0e4f830e,OIDC,baseline,0.4228,0.561,4.1347,0.9539,6.2217,2.9576,0.3207,4636,3309
0e4f830e,OIDC,baseline,0.4102,0.5582,4.3264,1.0533,6.502,2.8985,0.3523,4636,3309
0e4f830e,OIDC,baseline,0.4234,0.5536,2.8073,0.844,4.7634,1.9074,0.3134,4636,3309
0e4f830e,OIDC,baseline,0.368,0.6901,3.041,0.874,5.1214,1.9476,0.3311,4636,3309
0e4f830e,OIDC,baseline,0.376,0.5213,2.5194,1.1866,4.7557,1.527,0.4016,4636,3309
0e4f830e,OIDC,baseline,0.5998,1.0171,2.9961,1.0119,5.7913,2.0009,0.3215,4636,3309
0e4f830e,OIDC,baseline,0.5354,0.8224,3.6216,1.0879,6.2216,2.6804,0.4111,4636,3309
0e4f830e,OIDC,baseline,0.4278,0.5515,3.6009,1.3835,6.1236,2.3455,0.3931,4636,3309
0e4f830e,OIDC,baseline,0.7525,0.6681,3.7887,1.007,6.4203,2.4311,0.33,4636,3309
0e4f830e,OIDC,baseline,0.4743,0.6217,5.4972,1.0918,7.8587,4.2526,0.3506,4636,3309
0e4f830e,OIDC,baseline,0.5277,0.6922,4.0262,1.4727,6.9021,2.8979,0.4799,4636,3309
0e4f830e,OIDC,baseline,0.5384,0.581,5.3403,1.0892,7.7304,3.9668,0.3345,4636,3309
0e4f830e,OIDC,baseline,0.4914,0.5856,2.9304,1.1468,5.3407,1.8606,0.3419,4636,3309
0e4f830e,OIDC,baseline,0.639,0.7026,3.3747,0.8001,5.6716,2.16,0.305,4636,3309
0e4f830e,OIDC,baseline,0.3436,0.5441,2.2354,0.8759,4.1802,1.4544,0.3036,4636,3309
0e4f830e,OIDC,baseline,0.4058,0.5316,2.9288,0.7364,4.7121,2.203,0.2803,4636,3309
0e4f830e,OIDC,baseline,0.3229,0.5105,2.5185,0.7071,4.1621,1.8201,0.2869,4636,3309
0e4f830e,OIDC,baseline,0.3098,0.4663,2.0675,0.781,3.7384,1.2669,0.2851,4636,3309
0e4f830e,OIDC,baseline,0.3486,0.4837,4.9304,0.8596,6.7471,3.7438,0.2956,4636,3309
0e4f830e,OIDC,baseline,0.3576,0.5013,2.2594,0.852,4.0938,1.4055,0.2907,4636,3309
0e4f830e,OIDC,baseline,0.3717,0.5096,4.418,1.5262,7.0,2.6389,0.4865,4636,3309
0e4f830e,OIDC,baseline,0.7009,0.8271,2.8747,0.8199,5.381,1.8702,0.2991,4636,3309
0e4f830e,OIDC,baseline,0.3347,0.5291,3.3201,0.7216,5.0131,2.6121,0.2817,4636,3309
0e4f830e,OIDC,baseline,0.3399,0.4745,2.7881,1.6182,5.3886,1.9331,0.6089,4636,3309
0e4f830e,OIDC,baseline,0.4741,0.7545,2.8359,0.8152,5.0216,1.9446,0.2877,4636,3309
0e4f830e,OIDC,baseline,0.3445,0.4926,2.5016,0.8305,4.2918,1.672,0.3086,4636,3309
0e4f830e,OIDC,baseline,0.3574,0.5077,2.6369,1.1043,4.7707,1.5361,0.3113,4636,3309
0e4f830e,OIDC,baseline,0.4683,0.6543,3.3903,0.775,5.428,2.5181,0.2851,4636,3309
0e4f830e,OIDC,baseline,0.3155,0.481,1.7428,0.6985,3.3368,1.0587,0.2775,4636,3309
0e4f830e,OIDC,baseline,0.3292,0.4652,1.6869,0.678,3.256,1.0112,0.2698,4636,3309
0e4f830e,OIDC,baseline,0.3022,0.4568,2.5657,0.7712,4.2009,1.8592,0.2754,4636,3309
0e4f830e,OIDC,baseline,0.402,0.5051,2.9563,0.7419,4.7165,2.2043,0.2758,4636,3309
0e4f830e,OIDC,baseline,0.325,0.464,2.1625,0.689,3.7408,1.4808,0.2714,4636,3309
0e4f830e,OIDC,baseline,0.3369,0.4621,2.4354,0.702,4.039,1.7522,0.2759,4636,3309
0e4f830e,OIDC,baseline,0.325,0.4582,2.7436,0.8484,4.496,1.8432,0.3153,4636,3309
0e4f830e,OIDC,baseline,0.5604,0.5049,3.2498,1.0948,5.5578,2.4128,0.4435,4636,3309
0e4f830e,OIDC,baseline,0.4428,0.5077,2.1245,0.7939,3.9939,1.285,0.2884,4636,3309
0e4f830e,OIDC,baseline,0.3694,0.492,3.282,0.9447,5.2241,2.1902,0.3341,4636,3309
0e4f830e,OIDC,baseline,0.4045,0.5417,2.6898,0.833,4.6009,1.8035,0.3042,4636,3309
0e4f830e,OIDC,baseline,0.3962,0.5345,3.1687,0.8917,5.1256,2.1587,0.3164,4636,3309
0e4f830e,OIDC,baseline,0.4658,0.5666,3.3568,0.8814,5.4123,2.2523,0.3075,4636,3309
0e4f830e,OIDC,baseline,0.4029,0.5656,3.4257,0.9065,5.4718,2.2788,0.3134,4636,3309
0e4f830e,OIDC,baseline,0.4129,0.5269,2.0716,0.8473,3.984,1.2085,0.301,4636,3309
0e4f830e,OIDC,baseline,0.4036,0.5913,2.4637,0.9362,4.5374,1.47,0.3082,4636,3309
0e4f830e,OIDC,baseline,0.4244,0.5523,2.7321,0.897,4.7443,1.7668,0.3064,4636,3309
0e4f830e,OIDC,baseline,0.3896,0.5428,2.4087,0.8401,4.3156,1.4795,0.3002,4636,3309
0e4f830e,OIDC,baseline,0.3814,0.5533,2.4619,0.8497,4.3807,1.4997,0.3056,4636,3309
0e4f830e,OIDC,baseline,0.3839,0.5582,3.1026,0.8855,5.0836,2.1523,0.3022,4636,3309
0e4f830e,OIDC,baseline,0.341,0.4959,2.5624,0.7043,4.2066,1.8351,0.2788,4636,3309
0e4f830e,OIDC,baseline,0.3058,0.653,2.5715,0.6897,4.3191,1.8248,0.2661,4636,3309
0e4f830e,OIDC,baseline,0.2968,0.4444,2.1214,0.6737,3.6337,1.4376,0.2642,4636,3309
0e4f830e,OIDC,baseline,0.2936,0.445,4.8747,0.7305,6.4481,4.0726,0.27,4636,3309
0e4f830e,OIDC,baseline,0.2976,0.451,1.8061,0.6865,3.3491,1.15,0.2648,4636,3309
0e4f830e,OIDC,baseline,0.2952,0.4415,1.6974,0.6932,3.2234,1.0622,0.2626,4636,3309
0e4f830e,OIDC,baseline,0.3193,0.45,1.7916,0.6609,3.3169,1.1245,0.264,4636,3309
0e4f830e,OIDC,baseline,0.292,0.4427,2.3669,0.7929,4.0041,1.4769,0.2867,4636,3309
0e4f830e,OIDC,baseline,0.3308,0.4699,2.9202,0.9394,4.7801,2.0163,0.2943,4636,3309
0e4f830e,OIDC,baseline,0.3636,0.5378,3.6064,0.9986,5.6464,2.5659,0.3147,4636,3309
0e4f830e,OIDC,baseline,0.408,0.4989,3.2069,0.8142,5.0441,2.2439,0.2933,4636,3309
0e4f830e,OIDC,baseline,0.3229,0.4935,3.1343,0.756,4.8131,2.4153,0.2857,4636,3309
0e4f830e,OIDC,baseline,0.3699,0.5486,2.4899,1.0434,4.6003,1.6425,0.3503,4636,3309
0e4f830e,OIDC,baseline,0.3946,0.5824,2.2258,0.9731,4.3251,1.2363,0.306,4636,3309
0e4f830e,OIDC,baseline,0.4404,0.5433,2.7689,0.7515,4.6342,1.9059,0.2805,4636,3309
0e4f830e,OIDC,baseline,0.3251,0.4781,3.0238,0.8141,4.757,2.1837,0.2963,4636,3309
0e4f830e,OIDC,baseline,0.3532,0.565,3.1337,1.3459,5.5745,1.7499,0.4974,4636,3309
0e4f830e,OIDC,baseline,0.5209,0.7518,4.0098,0.8308,6.2481,2.9363,0.3021,4636,3309
0e4f830e,OIDC,baseline,0.3402,0.5336,2.6489,0.7715,4.4085,1.8529,0.2923,4636,3309
0e4f830e,OIDC,baseline,0.3986,0.5068,2.9575,0.7228,4.6949,2.26,0.2806,4636,3309
0e4f830e,OIDC,baseline,0.3111,0.4699,2.2089,0.7591,3.8544,1.5169,0.2977,4636,3309
0e4f830e,OIDC,baseline,0.3242,0.5383,1.777,0.7105,3.4535,1.0841,0.2813,4636,3309
0e4f830e,OIDC,baseline,0.3301,0.4699,3.2332,0.7679,4.9275,2.4478,0.2922,4636,3309
0e4f830e,OIDC,baseline,0.3146,0.4767,2.2991,0.7283,3.9363,1.5748,0.2794,4636,3309
0e4f830e,OIDC,baseline,0.312,0.4654,2.2266,0.7215,3.8267,1.5458,0.276,4636,3309
0e4f830e,OIDC,baseline,0.3135,0.4624,2.0608,0.7377,3.6785,1.3425,0.2933,4636,3309
0e4f830e,OIDC,baseline,0.3136,0.4721,3.4367,0.7676,5.0994,2.6211,0.2869,4636,3309
0e4f830e,OIDC,baseline,0.3345,0.4946,2.6811,0.7265,4.3413,1.9885,0.279,4636,3309
0e4f830e,OIDC,baseline,0.3423,0.4699,2.035,0.7305,3.6815,1.3446,0.2954,4636,3309
0e4f830e,OIDC,baseline,0.3218,0.4912,2.8927,0.9224,4.7299,2.2044,0.2766,4636,3309
0e4f830e,OIDC,baseline,0.3183,0.5062,2.7019,0.7742,4.409,1.9632,0.2887,4636,3309
0e4f830e,OIDC,baseline,0.3092,0.4698,3.4527,0.6742,5.0038,2.7881,0.2685,4636,3309
0e4f830e,OIDC,baseline,0.2986,0.463,2.9302,0.7291,4.5225,2.2238,0.2716,4636,3309
0e4f830e,OIDC,baseline,0.3106,0.4513,1.7851,0.7301,3.3874,1.0946,0.2753,4636,3309
0e4f830e,OIDC,baseline,0.3066,0.4923,1.8389,0.6813,3.417,1.1532,0.2691,4636,3309
0e4f830e,OIDC,baseline,0.2997,0.4521,2.8255,0.704,4.384,2.1239,0.2705,4636,3309
0e4f830e,OIDC,baseline,0.3056,0.4696,1.9618,0.687,3.5249,1.2667,0.27,4636,3309
0e4f830e,OIDC,baseline,0.3044,0.4517,1.8926,0.7015,3.4512,1.2227,0.2865,4636,3309
0e4f830e,OIDC,baseline,0.3096,0.5545,1.76,0.7294,3.4596,1.0683,0.3104,4636,3309
0e4f830e,OIDC,baseline,0.3305,0.4694,1.8855,0.7205,3.5103,1.1578,0.2732,4636,3309
0e4f830e,OIDC,baseline,0.3141,0.4888,3.1865,0.7113,4.8194,2.4647,0.2714,4636,3309
0e4f830e,OIDC,baseline,0.313,0.4608,2.2514,0.7009,3.8262,1.565,0.2731,4636,3309
0e4f830e,OIDC,baseline,0.3369,1.0807,4.5002,1.1021,7.2021,2.9763,0.4216,4636,3309
0e4f830e,OIDC,baseline,0.4209,0.5631,3.2285,0.7657,5.0906,2.385,0.302,4636,3309
0e4f830e,OIDC,baseline,0.347,0.8093,2.182,0.748,4.2272,1.5277,0.2635,4636,3309
0e4f830e,OIDC,baseline,0.5944,0.9025,3.6606,0.8182,6.1461,2.534,0.2864,4636,3309
0e4f830e,OIDC,baseline,0.3445,0.4857,2.5258,0.7821,4.2542,1.714,0.2949,4636,3309
0e4f830e,OIDC,baseline,0.3217,0.4568,3.5606,0.7596,5.2125,2.7663,0.2737,4636,3309
0e4f830e,OIDC,baseline,0.3167,0.4937,2.5752,0.7622,4.2532,1.8679,0.2837,4636,3309
0e4f830e,OIDC,baseline,0.3345,0.4709,2.0589,0.6661,3.6313,1.3976,0.2669,4636,3309
0e4f830e,OIDC,baseline,0.2992,0.4638,3.0335,0.6977,4.5918,2.3554,0.2661,4636,3309
0e4f830e,OIDC,baseline,0.3039,0.4445,2.256,0.736,3.8382,1.6151,0.3021,4636,3309
0e4f830e,OIDC,baseline,0.3367,0.4535,1.8547,0.665,3.406,1.2052,0.2638,4636,3309
0e4f830e,OIDC,baseline,0.2953,0.4632,3.0882,0.6613,4.6038,2.462,0.2654,4636,3309
0e4f830e,OIDC,baseline,0.3354,0.4662,2.3189,0.6788,3.8997,1.6514,0.2647,4636,3309
0e4f830e,OIDC,baseline,0.32,0.4592,1.906,0.6994,3.4845,1.2406,0.2674,4636,3309
0e4f830e,OIDC,baseline,0.3723,0.5854,3.94,0.7187,5.7404,3.1064,0.2707,4636,3309
0e4f830e,OIDC,baseline,0.3012,0.4551,2.1101,0.6704,3.6438,1.4354,0.263,4636,3309
0e4f830e,OIDC,baseline,0.2958,0.4431,3.251,0.8765,4.9662,2.5788,0.2655,4636,3309
0e4f830e,OIDC,baseline,0.3195,0.4471,2.9514,0.753,4.5785,2.1423,0.2911,4636,3309
0e4f830e,OIDC,baseline,0.2982,0.453,2.3531,0.6698,3.8673,1.7206,0.2622,4636,3309
0e4f830e,OIDC,baseline,0.2933,0.4432,2.8981,0.7055,4.4383,2.2376,0.2672,4636,3309
0e4f830e,OIDC,baseline,0.3009,0.4498,2.4605,0.6848,3.9916,1.8082,0.2643,4636,3309
0e4f830e,OIDC,baseline,0.5975,1.4464,3.3267,1.1297,6.7043,1.96,0.4276,4636,3309
0e4f830e,OIDC,baseline,0.4842,0.7117,2.474,0.8587,4.6576,1.6003,0.3348,4636,3309
0e4f830e,OIDC,baseline,0.3288,0.4863,1.6398,0.6584,3.2099,0.9596,0.2604,4636,3309
0e4f830e,OIDC,baseline,0.3021,0.4478,2.9747,0.8051,4.6387,2.1372,0.2848,4636,3309
0e4f830e,OIDC,baseline,0.3268,0.4756,2.5752,0.7752,4.2679,1.7591,0.2789,4636,3309
0e4f830e,OIDC,baseline,0.3262,0.4965,2.7626,0.7779,4.4813,1.8298,0.2856,4636,3309
0e4f830e,OIDC,baseline,0.3294,0.5049,3.804,0.8196,5.583,2.8926,0.2939,4636,3309
0e4f830e,OIDC,baseline,0.3715,0.5139,2.7123,0.8673,4.5903,1.8151,0.3021,4636,3309
0e4f830e,OIDC,baseline,0.3455,0.5085,2.6935,1.378,5.1047,1.8259,0.3782,4636,3309
0e4f830e,OIDC,baseline,0.4186,0.514,2.9509,0.8935,4.9269,1.9974,0.3053,4636,3309
0e4f830e,OIDC,baseline,0.5821,0.8562,3.6063,1.0448,6.2543,2.5713,0.341,4636,3309
0e4f830e,OIDC,baseline,0.4458,0.6558,4.004,0.9286,6.2026,2.7361,0.3131,4636,3309
0e4f830e,OIDC,baseline,0.3881,0.5259,4.0786,0.7803,5.8919,3.2097,0.2942,4636,3309
0e4f830e,OIDC,baseline,0.3371,0.4843,1.7695,0.7525,3.4474,1.0912,0.2883,4636,3309
0e4f830e,OIDC,baseline,0.3331,0.4906,2.191,0.6876,3.8034,1.5174,0.2751,4636,3309
0e4f830e,OIDC,baseline,0.3018,0.459,2.2056,0.7619,3.8399,1.302,0.2847,4636,3309
0e4f830e,OIDC,baseline,0.3137,0.4698,2.1403,0.7382,3.7642,1.4199,0.2771,4636,3309
0e4f830e,OIDC,baseline,0.3157,0.4686,1.7794,0.6966,3.3596,1.1062,0.2721,4636,3309
0e4f830e,OIDC,baseline,0.3098,0.4631,2.5737,0.7153,4.1625,1.9007,0.2859,4636,3309
0e4f830e,OIDC,baseline,0.3077,0.4653,2.7491,2.4993,6.3547,1.3333,0.8624,4636,3309
0e4f830e,OIDC,baseline,1.1259,1.448,4.4783,0.968,8.2235,3.0292,0.3599,4636,3309
0e4f830e,OIDC,baseline,0.4105,0.5921,4.4188,2.4146,8.0541,3.1692,1.2325,4636,3309
0e4f830e,OIDC,baseline,1.0269,0.7213,3.934,1.1624,7.0307,2.6041,0.4105,4636,3309
0e4f830e,OIDC,baseline,0.9759,1.4831,6.9785,2.4571,12.2105,5.0868,0.7681,4636,3309
0e4f830e,OIDC,baseline,1.2049,1.7291,4.7793,1.7679,9.7632,3.0753,0.4371,4636,3309
0e4f830e,OIDC,baseline,0.5972,1.2405,3.835,1.0113,6.9449,2.1897,0.3357,4636,3309
0e4f830e,OIDC,baseline,0.5878,0.7003,2.4278,1.0139,4.8974,1.4218,0.3715,4636,3309
0e4f830e,OIDC,baseline,0.5281,0.9778,4.8538,1.3063,7.9337,2.9924,0.3932,4636,3309
0e4f830e,OIDC,baseline,0.6429,0.9061,4.2247,1.209,7.2095,2.8842,0.3736,4636,3309
0e4f830e,OIDC,baseline,0.7058,0.9516,4.2213,1.3716,7.49,2.5461,0.3904,4636,3309
0e4f830e,OIDC,baseline,0.5917,0.7522,4.5342,1.1873,7.2499,3.4779,0.3854,4636,3309
0e4f830e,OIDC,baseline,0.5771,1.1185,7.8785,1.8401,11.7999,4.2341,0.52,4636,3309
0e4f830e,OIDC,baseline,0.871,0.977,3.8725,2.1455,8.2083,2.0477,0.5558,4636,3309
0e4f830e,OIDC,baseline,0.9447,1.1583,5.6606,1.1397,9.1579,3.6952,0.3544,4636,3309
0e4f830e,OIDC,baseline,0.509,0.7907,2.7303,0.9632,5.1633,1.6019,0.3321,4636,3309
0e4f830e,OIDC,baseline,0.4862,0.6657,3.0635,0.9555,5.3628,2.0005,0.3263,4636,3309
0e4f830e,OIDC,baseline,0.4108,0.5971,4.7192,1.2155,7.1106,3.4723,0.3843,4636,3309
0e4f830e,OIDC,baseline,0.5576,0.6961,3.5749,1.0415,6.0743,2.287,0.3425,4636,3309
0e4f830e,OIDC,baseline,0.5177,0.6202,3.2554,1.412,6.0825,2.0868,0.3649,4636,3309
0e4f830e,OIDC,baseline,0.6227,1.1972,3.9938,0.924,6.9304,2.7895,0.3327,4636,3309
0e4f830e,OIDC,baseline,0.4199,0.6034,2.3353,0.9485,4.4488,1.3208,0.3263,4636,3309
0e4f830e,OIDC,baseline,0.437,0.9028,7.1818,1.8066,10.5699,5.6472,0.6068,4636,3309
0e4f830e,OIDC,baseline,1.1223,1.2391,4.8397,1.8406,9.2976,3.1964,0.6451,4636,3309
0e4f830e,OIDC,baseline,0.9285,0.924,5.4521,1.1947,8.7247,3.8326,0.3552,4636,3309
0e4f830e,OIDC,baseline,0.5972,0.7081,3.2997,1.085,5.8856,2.1442,0.3413,4636,3309
0e4f830e,OIDC,baseline,0.8899,1.4125,3.763,1.149,7.4294,2.1602,0.3618,4636,3309
0e4f830e,OIDC,baseline,0.5166,0.7647,2.9253,1.817,6.2931,1.5992,0.5422,4636,3309
0e4f830e,OIDC,baseline,0.76,0.7366,3.3313,1.148,6.1631,2.1074,0.3595,4636,3309
0e4f830e,OIDC,baseline,0.4633,0.5991,2.5698,1.1463,4.9592,1.4994,0.3411,4636,3309
0e4f830e,OIDC,baseline,0.601,0.8906,4.5946,1.43,7.7407,2.9921,0.5209,4636,3309
0e4f830e,OIDC,baseline,0.6954,0.9034,8.8903,1.5648,12.2894,7.4973,0.5008,4636,3309
0e4f830e,OIDC,baseline,0.8701,1.4118,3.8,0.9531,7.2606,2.0023,0.3403,4636,3309
0e4f830e,OIDC,baseline,0.428,0.6745,5.2821,0.9773,7.5405,4.2357,0.3201,4636,3309
0e4f830e,OIDC,baseline,0.5235,0.637,3.4248,1.2279,5.9725,2.28,0.326,4636,3309
0e4f830e,OIDC,baseline,0.4966,0.5951,3.0873,0.9536,5.2894,2.0245,0.3182,4636,3309
0e4f830e,OIDC,baseline,0.4003,0.6066,3.0404,1.0753,5.2788,2.0153,0.3313,4636,3309
0e4f830e,OIDC,baseline,0.6893,0.7673,3.9317,0.8913,6.4446,2.8496,0.3162,4636,3309
0e4f830e,OIDC,baseline,0.4024,0.5337,2.6536,1.2777,5.0768,1.3276,0.3847,4636,3309
0e4f830e,OIDC,baseline,0.797,0.7415,4.6015,0.965,7.2655,3.6241,0.3622,4636,3309
0e4f830e,OIDC,baseline,0.4661,0.5705,4.2598,0.9577,6.4012,3.2839,0.322,4636,3309
0e4f830e,OIDC,baseline,0.411,0.5323,3.0972,0.7823,4.9526,2.101,0.2929,4636,3309
0e4f830e,OIDC,baseline,0.3217,0.5091,2.813,1.3021,5.1222,1.8962,0.3572,4636,3309
0e4f830e,OIDC,baseline,0.8719,1.2967,5.0711,1.3261,8.8562,3.3432,0.4869,4636,3309
0e4f830e,OIDC,baseline,0.5671,0.682,2.7095,1.7102,5.9281,1.5181,0.5111,4636,3309
0e4f830e,OIDC,baseline,1.814,1.3119,4.4018,1.2468,9.0617,2.3722,0.3534,4636,3309
0e4f830e,OIDC,baseline,0.6786,1.0547,5.5779,1.6398,9.2125,3.6689,0.4697,4636,3309
0e4f830e,OIDC,baseline,0.9359,1.3987,3.8485,0.9914,7.3796,2.3346,0.3278,4636,3309
0e4f830e,OIDC,baseline,0.4894,0.6138,6.4011,1.7582,9.5225,4.5067,0.4264,4636,3309
0e4f830e,OIDC,baseline,0.7471,1.1543,4.2949,1.8211,8.277,2.9789,0.5867,4636,3309
0e4f830e,OIDC,baseline,0.6628,0.6249,3.4096,0.7742,5.621,2.6164,0.2964,4636,3309
0e4f830e,OIDC,baseline,0.3378,0.4865,2.6984,0.7299,4.3552,1.9738,0.2812,4636,3309
0e4f830e,OIDC,baseline,0.32,0.4762,2.0107,0.7324,3.6436,1.2769,0.2795,4636,3309
0e4f830e,OIDC,baseline,0.3088,0.4624,3.4564,0.7363,5.0689,2.6693,0.2773,4636,3309
0e4f830e,OIDC,baseline,0.3297,0.4785,2.9695,0.737,4.6192,2.272,0.2761,4636,3309
0e4f830e,OIDC,baseline,0.3133,0.4675,2.9513,0.6913,4.524,2.2603,0.2726,4636,3309
0e4f830e,OIDC,baseline,0.3054,0.4663,2.458,0.798,4.1408,1.6627,0.2931,4636,3309
0e4f830e,OIDC,baseline,0.345,0.5142,2.1748,0.6976,3.8381,1.4519,0.2795,4636,3309
0e4f830e,OIDC,baseline,0.3059,0.4673,2.6701,0.7094,4.2546,1.9507,0.2717,4636,3309
0e4f830e,OIDC,baseline,0.315,0.4847,1.837,0.6937,3.442,1.1747,0.2736,4636,3309
0e4f830e,OIDC,baseline,0.3074,0.4611,3.2921,1.2568,5.4847,2.2757,0.4716,4636,3309
0e4f830e,OIDC,baseline,0.5018,0.7674,2.9693,1.1322,5.5463,1.5602,0.3216,4636,3309
0e4f830e,OIDC,baseline,0.4247,0.5041,2.6698,0.8358,4.5652,1.8349,0.3045,4636,3309
0e4f830e,OIDC,baseline,0.3528,0.4927,7.9254,1.1344,10.0346,7.0562,0.3248,4636,3309
0e4f830e,OIDC,baseline,0.4121,0.5211,3.6194,0.7926,5.4715,2.632,0.2886,4636,3309
0e4f830e,OIDC,baseline,0.3686,0.5137,2.2005,0.777,3.9756,1.4106,0.2847,4636,3309
0e4f830e,OIDC,baseline,0.357,0.4812,2.7768,1.0799,4.8325,1.9432,0.3583,4636,3309
0e4f830e,OIDC,baseline,0.427,0.5132,2.222,0.8743,4.1817,1.3769,0.2939,4636,3309
0e4f830e,OIDC,baseline,0.4271,0.7257,4.7039,1.1632,7.1963,3.4853,0.3406,4636,3309
0e4f830e,OIDC,baseline,0.4994,0.5757,3.6068,0.8908,5.7173,2.6166,0.309,4636,3309
0e4f830e,OIDC,baseline,0.3538,0.5412,3.7262,0.7636,5.4988,2.8015,0.2866,4636,3309
0e4f830e,OIDC,baseline,0.3156,0.4818,2.4207,0.7436,4.0694,1.6357,0.2811,4636,3309
0e4f830e,OIDC,baseline,0.3918,0.483,2.2224,0.6985,3.9002,1.5077,0.2745,4636,3309
0e4f830e,OIDC,baseline,0.3158,0.4706,2.2145,0.7599,3.8705,1.3728,0.2817,4636,3309
0e4f830e,OIDC,baseline,0.3286,0.4754,2.6662,0.7282,4.3046,1.9222,0.2786,4636,3309
0e4f830e,OIDC,baseline,0.311,0.4863,3.2993,0.734,4.9357,2.5915,0.2767,4636,3309
0e4f830e,OIDC,baseline,0.313,0.4619,2.546,0.7211,4.1455,1.8623,0.2906,4636,3309
0e4f830e,OIDC,baseline,0.3184,0.4745,2.1173,0.7514,3.7683,1.3321,0.276,4636,3309
0e4f830e,OIDC,baseline,0.3173,0.6771,2.3632,0.7273,4.1876,1.6563,0.293,4636,3309
0e4f830e,OIDC,baseline,0.311,0.4729,1.9087,0.8242,3.6233,1.1753,0.2823,4636,3309
0e4f830e,OIDC,baseline,0.3404,0.48,1.9392,0.7591,3.6265,1.1938,0.2827,4636,3309
0e4f830e,OIDC,baseline,0.3206,0.4976,1.9637,0.7598,3.6532,1.1431,0.2802,4636,3309
0e4f830e,OIDC,baseline,0.3165,0.5051,2.6453,0.6884,4.2549,1.9472,0.268,4636,3309
0e4f830e,OIDC,baseline,0.3009,0.4657,2.6815,0.7021,4.2496,2.0076,0.27,4636,3309
0e4f830e,OIDC,baseline,0.3069,0.4627,2.5513,0.6614,4.0932,1.9174,0.2631,4636,3309
0e4f830e,OIDC,baseline,0.3101,0.4405,2.9705,0.768,4.5964,2.121,0.3006,4636,3309
0e4f830e,OIDC,baseline,0.3069,0.4667,1.9438,0.7,3.5163,1.2688,0.2682,4636,3309
0e4f830e,OIDC,baseline,0.326,0.4665,3.2415,0.7178,4.8514,2.5511,0.2712,4636,3309
0e4f830e,OIDC,baseline,0.3059,0.4614,2.4544,0.7147,4.0489,1.8002,0.2656,4636,3309
0e4f830e,OIDC,baseline,0.364,0.4794,2.2879,0.7667,4.0098,1.599,0.273,4636,3309
0e4f830e,OIDC,baseline,0.3446,0.4694,2.5376,0.7091,4.1648,1.7393,0.2712,4636,3309
0e4f830e,OIDC,baseline,0.3103,0.4649,2.6939,0.6744,4.2418,2.0196,0.2657,4636,3309
0e4f830e,OIDC,baseline,0.3152,0.4503,1.6248,1.2179,3.7281,0.9725,0.3026,4636,3309
0e4f830e,OIDC,baseline,0.3896,0.5067,4.8044,0.8585,6.6932,3.8053,0.2965,4636,3309
0e4f830e,OIDC,baseline,0.3959,0.5525,2.7283,0.8014,4.6226,1.9354,0.2837,4636,3309
0e4f830e,OIDC,baseline,0.3833,0.5295,1.9508,0.8686,3.8874,1.1491,0.2935,4636,3309
0e4f830e,OIDC,baseline,0.3446,0.4797,2.8577,0.8038,4.6007,2.1204,0.2824,4636,3309
0e4f830e,OIDC,baseline,0.4313,0.4909,2.6866,0.7176,4.4386,1.9687,0.2777,4636,3309
0e4f830e,OIDC,baseline,0.3111,0.4649,2.9455,0.6867,4.5081,2.2349,0.2737,4636,3309
0e4f830e,OIDC,baseline,0.3088,0.4766,2.8855,0.7697,4.5427,2.2063,0.3305,4636,3309
0e4f830e,OIDC,baseline,0.3161,0.4688,5.9699,0.8435,7.7155,5.1309,0.2915,4636,3309
0e4f830e,OIDC,baseline,0.3846,0.4858,2.8571,0.7128,4.5448,2.1556,0.286,4636,3309
0e4f830e,OIDC,baseline,0.3104,0.4585,1.7858,0.6857,3.3388,1.1168,0.2724,4636,3309
0e4f830e,OIDC,baseline,0.3251,0.4549,2.0469,0.845,3.7978,1.3708,0.27,4636,3309
0e4f830e,OIDC,baseline,0.5861,0.8305,2.7762,0.9017,5.2636,1.7243,0.3035,4636,3309
0e4f830e,OIDC,baseline,0.365,0.4917,3.3233,0.7911,5.1679,2.4149,0.291,4636,3309
0e4f830e,OIDC,baseline,0.4313,0.5523,2.4142,0.9283,4.4783,1.4065,0.3356,4636,3309
0e4f830e,OIDC,baseline,0.4125,0.9441,2.4631,0.9481,4.92,1.2663,0.3222,4636,3309
0e4f830e,OIDC,baseline,0.3771,0.5445,2.5071,0.8659,4.4201,1.613,0.2947,4636,3309
0e4f830e,OIDC,baseline,0.375,0.4946,3.2963,0.8407,5.1236,2.2811,0.2933,4636,3309
0e4f830e,OIDC,baseline,0.3205,0.4953,4.2168,0.7712,5.9135,3.4053,0.2798,4636,3309
0e4f830e,OIDC,baseline,0.3108,0.4715,2.5913,0.7364,4.2138,1.8206,0.277,4636,3309
0e4f830e,OIDC,baseline,0.3178,0.4698,3.2763,0.7732,4.9435,2.5424,0.2828,4636,3309
0e4f830e,OIDC,baseline,0.3711,0.4922,3.8737,0.8991,5.7502,3.1817,0.3159,4636,3309
0e4f830e,OIDC,baseline,0.4365,0.534,2.2307,0.7123,4.0313,1.4832,0.2747,4636,3309
0e4f830e,OIDC,baseline,0.3271,0.4805,1.9642,0.6825,3.5545,1.3014,0.2714,4636,3309
0e4f830e,OIDC,baseline,0.3079,0.5253,1.7189,0.7341,3.3895,1.0364,0.2736,4636,3309
0e4f830e,OIDC,baseline,0.3562,0.4932,2.7816,0.7922,4.5363,2.0659,0.304,4636,3309
0e4f830e,OIDC,baseline,0.3726,0.5114,2.0567,0.7393,3.79,1.2869,0.2781,4636,3309
0e4f830e,OIDC,baseline,0.3152,0.4706,2.8773,0.7239,4.4916,2.0241,0.2769,4636,3309
0e4f830e,OIDC,baseline,0.3262,0.4729,2.7107,0.6676,4.2763,2.0302,0.2632,4636,3309
0e4f830e,OIDC,baseline,0.3101,0.4639,2.319,1.2893,4.5409,1.2032,0.4361,4636,3309
0e4f830e,OIDC,baseline,0.5587,0.6258,3.2301,0.8265,5.3919,2.1397,0.2906,4636,3309
0e4f830e,OIDC,baseline,0.3599,0.466,2.603,0.6803,4.2094,1.9285,0.2645,4636,3309
0e4f830e,OIDC,baseline,0.3184,0.4526,1.7623,0.6677,3.2983,1.1042,0.2649,4636,3309
0e4f830e,OIDC,baseline,0.3395,0.4744,3.8858,1.3682,6.3135,2.6931,0.5536,4636,3309
0e4f830e,OIDC,baseline,0.5801,0.7718,3.3475,0.8201,5.6596,2.374,0.3281,4636,3309
0e4f830e,OIDC,baseline,0.3676,0.5273,1.9005,0.6897,3.5878,1.2231,0.2682,4636,3309
0e4f830e,OIDC,baseline,0.3288,0.46,5.4173,1.2707,7.6487,3.8717,0.4401,4636,3309
0e4f830e,OIDC,baseline,0.6239,0.9467,3.5266,1.0904,6.3645,2.2087,0.3923,4636,3309
0e4f830e,OIDC,baseline,0.4728,0.581,2.0526,0.7673,3.9927,1.2331,0.276,4636,3309
0e4f830e,OIDC,baseline,0.3735,0.5035,2.8715,0.7601,4.6247,2.0671,0.2907,4636,3309
0e4f830e,OIDC,baseline,0.314,0.4692,2.1028,0.6879,3.6701,1.4561,0.2642,4636,3309
0e4f830e,OIDC,baseline,0.3046,0.4522,2.1671,0.6719,3.6917,1.52,0.2641,4636,3309
0e4f830e,OIDC,baseline,0.3122,0.4538,2.2125,0.6729,3.7497,1.5607,0.2659,4636,3309
0e4f830e,OIDC,baseline,0.3095,0.4621,3.3091,0.7543,4.9421,2.536,0.2929,4636,3309
0e4f830e,OIDC,baseline,0.6475,0.4616,2.3577,0.6966,4.2612,1.7035,0.2679,4636,3309
0e4f830e,OIDC,baseline,0.3132,0.4584,3.3463,0.6821,4.898,2.6809,0.2656,4636,3309
0e4f830e,OIDC,baseline,0.2989,0.4832,2.3027,0.6694,3.8507,1.6447,0.2646,4636,3309
0e4f830e,OIDC,baseline,0.2965,0.4628,2.0721,0.7231,3.6609,1.2887,0.2687,4636,3309
0e4f830e,OIDC,baseline,0.2987,0.4613,1.6347,0.6754,3.1644,0.9768,0.277,4636,3309
0e4f830e,OIDC,baseline,0.3096,0.4546,3.5511,0.7706,5.1873,2.883,0.2929,4636,3309
0e4f830e,OIDC,baseline,0.3246,0.475,2.7995,0.6935,4.3926,2.1141,0.2698,4636,3309
0e4f830e,OIDC,baseline,0.3299,0.4678,2.2809,0.6938,3.8744,1.5752,0.2678,4636,3309
0e4f830e,OIDC,baseline,0.3198,0.4562,3.3174,0.7041,4.8976,2.6434,0.2677,4636,3309
0e4f830e,OIDC,baseline,0.2993,0.4532,3.4139,0.7184,4.9861,2.6955,0.2717,4636,3309
0e4f830e,OIDC,baseline,0.3036,0.4829,2.2005,0.7245,3.8155,1.4524,0.2733,4636,3309
0e4f830e,OIDC,baseline,0.3006,0.4724,3.1339,0.7156,4.7235,2.4349,0.2706,4636,3309
0e4f830e,OIDC,baseline,0.3083,0.45,1.6749,0.6657,3.1941,1.0166,0.2653,4636,3309
0e4f830e,OIDC,baseline,0.2979,0.4615,1.9558,0.6896,3.5165,1.2536,0.2681,4636,3309
0e4f830e,OIDC,baseline,0.3036,0.451,1.8666,1.355,4.1083,1.0206,0.4856,4636,3309
0e4f830e,OIDC,baseline,0.6663,1.0098,3.7854,0.8263,6.4607,2.5276,0.2998,4636,3309
0e4f830e,OIDC,baseline,0.3393,0.5573,2.2853,0.7052,3.9966,1.5586,0.2796,4636,3309
0e4f830e,OIDC,baseline,0.3184,0.5076,2.9259,0.7952,4.658,2.2003,0.2861,4636,3309
0e4f830e,OIDC,baseline,0.4102,0.52,2.0273,0.7256,3.7929,1.3061,0.2846,4636,3309
0e4f830e,OIDC,baseline,0.3329,0.4968,5.1274,0.7516,6.8191,4.4078,0.2961,4636,3309
0e4f830e,OIDC,baseline,0.3244,0.4913,2.1467,0.7249,3.7938,1.4407,0.2937,4636,3309
0e4f830e,OIDC,baseline,0.3292,0.631,2.4621,0.7432,4.282,1.6879,0.2841,4636,3309
0e4f830e,OIDC,baseline,0.3375,0.5137,2.2575,0.7234,3.9415,1.5345,0.281,4636,3309
0e4f830e,OIDC,baseline,0.3209,0.4874,3.122,0.7024,4.7367,2.4022,0.2796,4636,3309
0e4f830e,OIDC,baseline,0.337,0.51,2.1834,0.8231,3.9705,1.4377,0.3369,4636,3309
0e4f830e,OIDC,baseline,0.4429,0.6215,2.668,0.7181,4.5804,1.9095,0.2829,4636,3309
0e4f830e,OIDC,baseline,0.3404,0.4849,3.3311,0.7383,5.014,2.6001,0.286,4636,3309
0e4f830e,OIDC,baseline,0.3277,0.5009,2.9719,0.7063,4.6119,2.2618,0.2817,4636,3309
0e4f830e,OIDC,baseline,0.318,0.4982,2.1718,0.8128,3.9172,1.3107,0.2877,4636,3309
0e4f830e,OIDC,baseline,0.5314,0.5001,2.9159,0.692,4.741,2.2506,0.2679,4636,3309
0e4f830e,OIDC,baseline,0.2965,0.4446,2.5063,0.6869,4.0288,1.8601,0.2666,4636,3309
0e4f830e,OIDC,baseline,0.302,0.4758,1.9913,0.6978,3.5691,1.3149,0.2699,4636,3309
0e4f830e,OIDC,baseline,0.3151,0.4547,2.7885,0.7355,4.3987,2.0544,0.2716,4636,3309
0e4f830e,OIDC,baseline,0.3057,0.4563,1.9781,0.6726,3.5109,1.2954,0.2659,4636,3309
0e4f830e,OIDC,baseline,0.3011,0.4645,2.2484,0.6808,3.792,1.6005,0.2664,4636,3309
0e4f830e,OIDC,baseline,0.3012,0.4642,1.883,0.6662,3.4108,1.2293,0.2653,4636,3309
0e4f830e,OIDC,baseline,0.3,0.4431,3.5331,1.2649,5.7077,2.3135,0.4508,4636,3309
0e4f830e,OIDC,baseline,0.5667,0.7565,3.3951,1.2536,6.2274,2.079,0.3739,4636,3309
0e4f830e,OIDC,baseline,0.5569,0.7769,4.2235,0.9619,6.6921,3.0955,0.3229,4636,3309
0e4f830e,OIDC,baseline,0.4186,0.6742,2.5794,0.8861,4.7277,1.6167,0.3093,4636,3309
0e4f830e,OIDC,baseline,0.4128,0.567,2.6891,0.9223,4.7636,1.6796,0.3166,4636,3309
0e4f830e,OIDC,baseline,0.4013,0.5501,3.0338,0.914,5.0367,2.0946,0.3106,4636,3309
0e4f830e,OIDC,baseline,0.4607,0.8936,3.0256,1.1171,5.7799,2.0009,0.3785,4636,3309
0e4f830e,OIDC,baseline,0.4536,0.5864,3.0558,1.2312,5.5168,1.4839,0.342,4636,3309
0e4f830e,OIDC,baseline,0.452,0.5445,2.5634,0.7993,4.492,1.7675,0.3134,4636,3309
0e4f830e,OIDC,baseline,0.4371,0.5571,2.726,0.812,4.663,1.7735,0.2992,4636,3309
0e4f830e,OIDC,baseline,0.3356,0.5375,3.6619,0.7584,5.4066,2.8713,0.2923,4636,3309
0e4f830e,OIDC,baseline,0.3298,0.5235,3.287,0.7302,4.9799,2.4905,0.2767,4636,3309
0e4f830e,OIDC,baseline,0.4025,0.4967,2.2586,0.7052,3.9686,1.5738,0.2741,4636,3309
0e4f830e,OIDC,baseline,0.3098,0.4881,2.5086,0.6787,4.0833,1.8504,0.2705,4636,3309
0e4f830e,OIDC,baseline,0.305,0.4863,2.1103,1.0257,4.0728,1.4572,0.3189,4636,3309
0e4f830e,OIDC,baseline,0.9639,0.9491,4.3849,0.9064,7.3733,3.3714,0.3418,4636,3309
0e4f830e,OIDC,baseline,0.4171,0.6185,2.7593,0.756,4.6644,1.9036,0.2951,4636,3309
0e4f830e,OIDC,baseline,0.303,0.4608,2.3266,0.6829,3.8822,1.6607,0.2701,4636,3309
0e4f830e,OIDC,baseline,0.3272,1.4716,3.5511,0.7538,6.2517,2.2502,0.2866,4636,3309
0e4f830e,OIDC,baseline,0.3103,0.4708,2.2562,0.6927,3.8289,1.547,0.2721,4636,3309
0e4f830e,OIDC,baseline,0.3105,0.4633,2.0358,0.7028,3.6109,1.3774,0.2823,4636,3309
0e4f830e,OIDC,baseline,0.3083,0.4547,2.311,0.7492,3.9305,1.5877,0.2899,4636,3309
0e4f830e,OIDC,baseline,0.5361,0.4791,2.4112,0.7151,4.2438,1.7352,0.2732,4636,3309
0e4f830e,OIDC,baseline,0.3191,0.4602,2.8062,0.6914,4.3782,2.1163,0.2726,4636,3309
0e4f830e,OIDC,baseline,0.3071,0.4641,2.3247,0.6896,3.8841,1.6212,0.2739,4636,3309
0e4f830e,OIDC,baseline,0.307,0.4655,3.0004,0.7376,4.62,2.274,0.2767,4636,3309
0e4f830e,OIDC,baseline,0.3092,0.4849,2.6249,0.6822,4.2031,1.9509,0.27,4636,3309
0e4f830e,OIDC,baseline,0.3351,0.4694,2.0211,0.6891,3.6176,1.3239,0.2732,4636,3309
0e4f830e,OIDC,baseline,0.3092,0.4784,2.758,0.6994,4.3459,2.0664,0.2724,4636,3309
0e4f830e,OIDC,baseline,0.3109,0.5642,1.9993,0.7161,3.7053,1.2083,0.2739,4636,3309
0e4f830e,OIDC,baseline,0.326,0.4768,2.1422,0.667,3.709,1.4929,0.2623,4636,3309
0e4f830e,OIDC,baseline,0.2991,0.4427,1.8071,0.6934,3.3391,1.1191,0.2798,4636,3309
0e4f830e,OIDC,baseline,0.302,0.4523,2.1365,0.7104,3.6996,1.4755,0.2657,4636,3309
0e4f830e,OIDC,baseline,0.3101,0.4656,2.1951,0.7435,3.8228,1.407,0.2765,4636,3309
0e4f830e,OIDC,baseline,0.3339,0.4701,3.0485,0.6915,4.6438,2.3692,0.2647,4636,3309
0e4f830e,OIDC,baseline,0.3063,0.4521,2.0397,0.6927,3.5913,1.3772,0.2638,4636,3309
0e4f830e,OIDC,baseline,0.3046,0.4566,2.0273,0.6856,3.5706,1.1738,0.2662,4636,3309
0e4f830e,OIDC,baseline,0.355,0.4707,3.4765,0.8864,5.3191,2.601,0.2967,4636,3309
0e4f830e,OIDC,baseline,0.4231,0.5013,3.3866,0.7805,5.2163,2.5196,0.3019,4636,3309
0e4f830e,OIDC,baseline,0.3168,0.4782,2.9446,0.7783,4.6229,2.2204,0.3289,4636,3309
0e4f830e,OIDC,baseline,0.3279,0.4803,2.4164,0.7165,4.0433,1.6822,0.2765,4636,3309
0e4f830e,OIDC,baseline,0.308,0.4681,2.2995,0.7039,3.8788,1.6031,0.2738,4636,3309
0e4f830e,OIDC,baseline,0.3128,0.5178,2.0883,0.7431,3.7817,1.2569,0.2761,4636,3309
0e4f830e,OIDC,baseline,0.3136,0.4774,2.8657,0.7075,4.4658,2.1643,0.278,4636,3309
0e4f830e,OIDC,baseline,0.3148,0.4657,1.9097,0.7109,3.5015,1.2159,0.2742,4636,3309
0e4f830e,OIDC,baseline,0.3066,0.4657,2.3109,0.7011,3.8836,1.6469,0.2843,4636,3309
0e4f830e,OIDC,baseline,0.3051,0.5321,3.7497,0.9578,5.6737,2.6822,0.3707,4636,3309
0e4f830e,OIDC,baseline,0.4588,0.552,3.3026,0.7744,5.2205,2.259,0.2858,4636,3309
0e4f830e,OIDC,baseline,0.3124,0.4914,2.5113,0.7004,4.1185,1.8289,0.2734,4636,3309
0e4f830e,OIDC,baseline,0.3095,0.4775,1.9145,0.8628,3.6783,1.2173,0.2894,4636,3309
0e4f830e,OIDC,baseline,0.4137,0.593,4.6166,1.3187,7.1266,3.3536,0.4953,4636,3309
0e4f830e,OIDC,baseline,0.8301,0.7729,3.0255,0.7066,5.4652,2.1061,0.2731,4636,3309
0e4f830e,OIDC,baseline,0.3565,0.4786,2.1741,0.9252,4.0508,1.3621,0.3418,4636,3309
0e4f830e,OIDC,baseline,0.3723,0.4911,3.081,0.7096,4.7556,2.39,0.2869,4636,3309
0e4f830e,OIDC,baseline,0.3137,0.4653,2.2659,0.7994,3.9442,1.5894,0.2953,4636,3309
0e4f830e,OIDC,baseline,0.3401,0.4827,1.8501,0.7037,3.4833,1.1595,0.2751,4636,3309
0e4f830e,OIDC,baseline,0.3361,0.4752,1.959,0.9779,3.8599,1.2848,0.3424,4636,3309
0e4f830e,OIDC,baseline,0.3936,0.5129,2.6367,0.7542,4.4115,1.8993,0.2798,4636,3309
0e4f830e,OIDC,baseline,0.3194,0.468,2.1715,0.7319,3.7914,1.5001,0.2803,4636,3309
0e4f830e,OIDC,baseline,0.3422,0.4808,2.2217,0.705,3.8509,1.5215,0.2705,4636,3309
0e4f830e,OIDC,baseline,0.3233,0.4936,3.6755,0.7738,5.3784,2.8335,0.2849,4636,3309
0e4f830e,OIDC,baseline,0.3177,0.4804,2.7521,0.7255,4.3754,2.0988,0.2969,4636,3309
0e4f830e,OIDC,baseline,0.3135,0.4534,3.4905,0.6969,5.055,2.8036,0.2691,4636,3309
0e4f830e,OIDC,baseline,0.305,0.4757,2.1689,0.6682,3.7151,1.5144,0.2648,4636,3309
0e4f830e,OIDC,baseline,0.3649,0.5773,3.4354,0.7581,5.2575,2.6128,0.2851,4636,3309
0e4f830e,OIDC,baseline,0.3118,0.4767,2.2477,0.6978,3.8332,1.3689,0.2815,4636,3309
0e4f830e,OIDC,baseline,0.3079,0.453,2.1947,0.7055,3.775,1.5318,0.2794,4636,3309
0e4f830e,OIDC,baseline,0.31,0.4514,1.958,0.7714,3.5925,1.2998,0.3276,4636,3309
0e4f830e,OIDC,baseline,0.3477,0.4814,2.6254,0.6756,4.2297,1.9587,0.2657,4636,3309
0e4f830e,OIDC,baseline,0.3153,0.4531,1.8587,0.6924,3.4187,1.1887,0.2706,4636,3309
0e4f830e,OIDC,baseline,0.3021,0.4725,1.682,0.7082,3.2646,1.004,0.2705,4636,3309
0e4f830e,OIDC,baseline,0.3052,0.4533,3.4886,0.789,5.136,2.8232,0.2736,4636,3309
0e4f830e,OIDC,baseline,0.3403,0.4891,2.676,0.6857,4.2912,2.0081,0.269,4636,3309
0e4f830e,OIDC,baseline,0.3243,0.4705,2.4578,0.6945,4.0585,1.8028,0.2828,4636,3309
0e4f830e,OIDC,baseline,0.3134,0.4598,2.7143,0.7079,4.2949,2.0393,0.284,4636,3309
0e4f830e,OIDC,baseline,0.3075,0.4634,3.5803,0.7049,5.1591,2.8822,0.2721,4636,3309
0e4f830e,OIDC,baseline,0.3052,0.4715,2.606,0.6948,4.1828,1.9528,0.2687,4636,3309
0e4f830e,OIDC,baseline,0.3063,0.4743,1.9139,0.719,3.5108,1.2657,0.3018,4636,3309
0e4f830e,OIDC,baseline,0.3149,0.4619,2.4784,0.698,4.0547,1.7688,0.2682,4636,3309
0e4f830e,OIDC,baseline,0.3067,0.4625,2.1783,0.7165,3.7689,1.4487,0.2726,4636,3309
0e4f830e,OIDC,baseline,0.5176,0.4603,4.1856,0.6896,5.9702,3.4994,0.2694,4636,3309
0e4f830e,OIDC,baseline,0.3104,0.4581,2.2756,0.7047,3.8504,1.5407,0.2681,4636,3309
0e4f830e,OIDC,baseline,0.3036,0.4522,1.7321,0.681,3.2682,1.0767,0.264,4636,3309
0e4f830e,OIDC,baseline,0.3782,0.5108,1.8527,0.6847,3.5398,1.1688,0.2686,4636,3309
0e4f830e,OIDC,baseline,0.3007,0.4676,2.0185,0.6829,3.5673,1.3455,0.2676,4636,3309
0e4f830e,OIDC,baseline,0.3008,0.4473,2.7653,0.712,4.3234,2.0685,0.2814,4636,3309
0e4f830e,OIDC,baseline,0.309,0.4738,1.9718,0.6768,3.5288,1.3108,0.268,4636,3309
0e4f830e,OIDC,baseline,0.3005,0.503,1.7926,0.7058,3.4068,1.0393,0.2845,4636,3309
0e4f830e,OIDC,baseline,0.3098,0.4568,2.451,0.7067,4.0239,1.783,0.2689,4636,3309
0e4f830e,OIDC,baseline,0.3285,0.4553,3.2672,0.694,4.8462,2.5852,0.2695,4636,3309
0e4f830e,OIDC,baseline,0.3045,0.4766,2.9444,1.3819,5.2483,2.2885,0.6359,4636,3309
0e4f830e,OIDC,baseline,0.8187,0.7929,3.3938,0.8994,6.0607,2.3458,0.3519,4636,3309
0e4f830e,OIDC,baseline,0.3925,0.6683,3.3321,0.8552,5.3638,2.5016,0.3844,4636,3309
0e4f830e,OIDC,baseline,0.3163,0.4401,1.854,1.2559,3.9888,1.2055,0.4538,4636,3309
0e4f830e,OIDC,baseline,0.5175,0.5921,4.3641,0.7441,6.3577,3.2558,0.2744,4636,3309
0e4f830e,OIDC,baseline,0.3089,0.4554,2.107,0.7069,3.6917,1.4034,0.2718,4636,3309
0e4f830e,OIDC,baseline,0.3077,0.4589,1.7089,0.7135,3.2894,1.0456,0.2714,4636,3309
0e4f830e,OIDC,baseline,0.3237,0.4728,1.7811,0.7142,3.3973,1.0674,0.273,4636,3309
0e4f830e,OIDC,baseline,0.3075,0.481,2.409,0.6922,3.9922,1.7312,0.2701,4636,3309
0e4f830e,OIDC,baseline,0.3083,0.4833,2.1572,0.6672,3.7127,1.5033,0.2669,4636,3309
0e4f830e,OIDC,baseline,0.306,0.4604,1.8672,0.6919,3.4234,1.1902,0.2678,4636,3309
0e4f830e,OIDC,baseline,0.3027,0.464,2.2673,0.8957,4.0554,1.4307,0.3092,4636,3309
0e4f830e,OIDC,baseline,0.3672,0.4834,2.7582,0.7341,4.4527,1.9511,0.2775,4636,3309
0e4f830e,OIDC,baseline,0.3113,0.4854,1.9606,0.7808,3.6419,1.2287,0.2785,4636,3309
0e4f830e,OIDC,baseline,0.3256,0.4813,3.0219,0.7672,4.7068,2.2527,0.2855,4636,3309
0e4f830e,OIDC,baseline,0.3263,0.5164,2.8684,0.8039,4.6332,1.974,0.2926,4636,3309
0e4f830e,OIDC,baseline,0.3489,0.5029,2.4232,0.7228,4.1043,1.7042,0.2829,4636,3309
0e4f830e,OIDC,baseline,0.3169,0.4663,1.8639,0.7136,3.4637,1.1453,0.2791,4636,3309
0e4f830e,OIDC,baseline,0.3114,0.4669,1.7885,0.6832,3.3623,1.095,0.2746,4636,3309
0e4f830e,OIDC,baseline,0.5155,0.4774,2.2746,0.7559,4.1331,1.4912,0.279,4636,3309
0e4f830e,OIDC,baseline,0.3118,0.4612,2.6502,0.7362,4.261,1.9487,0.2732,4636,3309
0e4f830e,OIDC,baseline,0.3216,0.4808,4.6643,0.7045,6.2765,3.9718,0.2717,4636,3309
0e4f830e,OIDC,baseline,0.3209,0.4716,2.117,0.69,3.6984,1.4504,0.2719,4636,3309
0e4f830e,OIDC,baseline,0.3304,0.6177,2.867,0.8264,4.7676,1.936,0.286,4636,3309
0e4f830e,OIDC,baseline,0.3598,0.4938,2.7975,0.8045,4.5754,1.9568,0.2849,4636,3309
0e4f830e,OIDC,baseline,0.3402,0.4992,2.8535,0.8345,4.6519,1.9167,0.2944,4636,3309
0e4f830e,OIDC,baseline,0.3662,0.5377,2.4943,0.9314,4.4717,1.539,0.3097,4636,3309
0e4f830e,OIDC,baseline,0.4508,0.5638,2.7451,0.878,4.7828,1.7955,0.3041,4636,3309
0e4f830e,OIDC,baseline,0.3431,0.5065,2.2718,0.8359,4.0784,1.4448,0.2914,4636,3309
0e4f830e,OIDC,baseline,0.3511,0.5003,5.8054,1.2864,8.1346,4.644,0.4423,4636,3309
0e4f830e,OIDC,baseline,0.549,0.7786,5.3814,0.8671,7.7261,4.0279,0.3045,4636,3309
0e4f830e,OIDC,baseline,0.3748,0.5155,2.1836,1.0589,4.2655,1.3141,0.4133,4636,3309
0e4f830e,OIDC,baseline,0.4357,0.5261,2.8535,0.7355,4.6636,2.1101,0.2804,4636,3309
0e4f830e,OIDC,baseline,0.3332,0.4737,2.7164,0.7608,4.3887,1.6805,0.2881,4636,3309
0e4f830e,OIDC,baseline,0.3219,0.4816,1.8447,0.7191,3.4749,1.1369,0.2748,4636,3309
0e4f830e,OIDC,baseline,0.3194,0.4666,3.1214,0.7746,4.7939,2.2782,0.2863,4636,3309
0e4f830e,OIDC,baseline,0.3206,0.4957,2.2613,0.7232,3.9041,1.5536,0.287,4636,3309
0e4f830e,OIDC,baseline,0.3144,0.4887,3.0857,0.6947,4.6873,2.4013,0.2731,4636,3309
0e4f830e,OIDC,baseline,0.3279,0.4621,1.8539,0.7836,3.5368,1.1472,0.2741,4636,3309
0e4f830e,OIDC,baseline,0.3184,0.5189,2.5779,0.7657,4.333,1.7116,0.28,4636,3309
0e4f830e,OIDC,baseline,0.3382,0.4814,3.8618,0.727,5.5167,3.1253,0.2795,4636,3309
0e4f830e,OIDC,baseline,0.3179,0.4989,2.6106,0.6877,4.216,1.9355,0.275,4636,3309
0e4f830e,OIDC,baseline,0.3106,0.482,3.1701,1.3694,5.5274,1.872,0.4893,4636,3309
0e4f830e,OIDC,baseline,0.6497,0.7727,2.8579,1.0027,5.4244,1.8508,0.3822,4636,3309
0e4f830e,OIDC,baseline,0.4128,0.8041,2.5152,0.9088,4.7874,1.4529,0.3502,4636,3309
0e4f830e,OIDC,baseline,0.416,0.5177,1.8439,0.7054,3.5872,1.1505,0.2749,4636,3309
0e4f830e,OIDC,baseline,0.3304,0.4947,2.7888,0.7309,4.451,2.0553,0.2789,4636,3309
0e4f830e,OIDC,baseline,0.3296,0.4711,2.4033,1.0875,4.3948,1.7067,0.274,4636,3309
0e4f830e,OIDC,baseline,0.3268,0.4681,1.8931,0.6936,3.4808,1.2023,0.2727,4636,3309
0e4f830e,OIDC,baseline,0.3203,0.4702,4.5208,1.3831,6.8507,3.7931,0.3937,4636,3309
0e4f830e,OIDC,baseline,0.5145,0.5474,1.8935,0.7086,3.7896,1.2103,0.289,4636,3309
0e4f830e,OIDC,baseline,0.3135,0.4841,2.3167,0.7274,3.945,1.6081,0.2867,4636,3309
0e4f830e,OIDC,baseline,0.3099,0.4657,2.086,0.6627,3.6268,1.4106,0.2615,4636,3309
0e4f830e,OIDC,baseline,0.3111,0.4586,1.8105,0.6582,3.3318,1.1855,0.2635,4636,3309
0e4f830e,OIDC,baseline,0.2946,0.4542,2.2998,0.7141,3.8656,1.4097,0.2701,4636,3309
0e4f830e,OIDC,baseline,0.2999,0.4496,2.956,0.6743,4.475,2.2677,0.2627,4636,3309
0e4f830e,OIDC,baseline,0.2965,0.4722,3.5014,0.7071,5.074,2.8297,0.2659,4636,3309
0e4f830e,OIDC,baseline,0.3007,0.448,1.7102,0.6651,3.2187,1.0643,0.2635,4636,3309
0e4f830e,OIDC,baseline,0.321,0.4747,3.6026,0.699,5.2074,2.8157,0.2678,4636,3309
0e4f830e,OIDC,baseline,0.3907,0.4639,3.0379,0.6815,4.6763,2.3567,0.2661,4636,3309
0e4f830e,OIDC,baseline,0.3132,0.4556,2.5286,0.6592,4.0523,1.8873,0.2642,4636,3309
0e4f830e,OIDC,baseline,0.3596,0.4544,3.0093,0.7339,4.6708,2.2908,0.2714,4636,3309
0e4f830e,OIDC,baseline,0.3058,0.661,1.8692,0.6849,3.6194,1.2039,0.2811,4636,3309
0e4f830e,OIDC,baseline,0.3761,0.4592,3.2696,0.6982,4.906,2.607,0.2699,4636,3309
0e4f830e,OIDC,baseline,0.3021,0.4589,2.3089,0.6682,3.8341,1.6225,0.2643,4636,3309
0e4f830e,OIDC,baseline,0.2986,0.6772,2.8501,0.9549,4.9369,1.8125,0.3678,4636,3309
0e4f830e,OIDC,baseline,0.3741,0.4767,2.6186,0.7849,4.3703,1.7601,0.3039,4636,3309
0e4f830e,OIDC,baseline,0.3165,0.4787,3.145,0.7031,4.7464,2.4396,0.2741,4636,3309
0e4f830e,OIDC,baseline,0.309,0.4711,1.8677,0.7292,3.4795,1.1733,0.2775,4636,3309
0e4f830e,OIDC,baseline,0.3107,0.4734,2.315,0.7765,3.9898,1.5046,0.2825,4636,3309
0e4f830e,OIDC,baseline,0.3133,0.467,1.9346,0.7071,3.538,1.2347,0.2752,4636,3309
0e4f830e,OIDC,baseline,0.3174,0.4637,2.2153,0.6953,3.7943,1.5345,0.2718,4636,3309
0e4f830e,OIDC,baseline,0.3239,0.4652,1.77,0.6785,3.335,1.096,0.2704,4636,3309
0e4f830e,OIDC,baseline,0.3066,0.4607,2.8881,0.8314,4.5931,2.1817,0.2923,4636,3309
0e4f830e,OIDC,baseline,0.3796,0.4817,2.4213,0.6849,4.0711,1.757,0.273,4636,3309
0e4f830e,OIDC,baseline,0.3219,0.4747,1.8148,0.6902,3.4014,1.1337,0.2731,4636,3309
0e4f830e,OIDC,baseline,0.3058,0.4798,2.0741,0.9113,3.8708,1.3834,0.2761,4636,3309
0e4f830e,OIDC,baseline,0.316,0.5417,1.883,0.7176,3.5934,1.2107,0.2741,4636,3309
0e4f830e,OIDC,baseline,0.9922,2.7462,4.1964,1.1601,9.3263,2.5316,0.4539,4636,3309
0e4f830e,OIDC,baseline,0.5595,0.8754,3.5153,0.7404,5.8264,2.5672,0.2777,4636,3309
0e4f830e,OIDC,baseline,0.3956,0.5233,3.9109,0.7252,5.6741,3.1185,0.27,4636,3309
0e4f830e,OIDC,baseline,0.3023,0.4643,3.1444,0.7241,4.7335,2.4349,0.2984,4636,3309
0e4f830e,OIDC,baseline,0.3147,0.4515,1.9784,0.6727,3.5148,1.3175,0.2637,4636,3309
0e4f830e,OIDC,baseline,0.317,0.4549,2.0857,0.6861,3.6426,1.378,0.2651,4636,3309
0e4f830e,OIDC,baseline,0.2994,2.2864,3.8106,1.3141,7.9442,2.0183,0.4894,4636,3309
0e4f830e,OIDC,baseline,0.5417,0.8767,4.1806,0.7592,6.4861,3.2211,0.2963,4636,3309
0e4f830e,OIDC,baseline,0.334,0.4939,3.9093,0.7839,5.6395,3.0196,0.2888,4636,3309
0e4f830e,OIDC,baseline,0.3439,0.5062,2.1408,0.7144,3.8112,1.4242,0.28,4636,3309
0e4f830e,OIDC,baseline,0.3755,0.5071,2.7012,0.7424,4.4396,1.9822,0.2832,4636,3309
0e4f830e,OIDC,baseline,0.3327,0.5012,2.8628,1.1274,4.9551,2.1586,0.3285,4636,3309
0e4f830e,OIDC,baseline,0.3857,0.5553,2.1916,0.7184,3.9738,1.4136,0.2688,4636,3309
0e4f830e,OIDC,baseline,0.3042,0.692,2.7205,0.6983,4.5155,2.017,0.2671,4636,3309
0e4f830e,OIDC,baseline,0.3011,0.4809,2.122,0.6825,3.6824,1.4739,0.2653,4636,3309
0e4f830e,OIDC,baseline,0.2997,0.4713,1.8506,0.6877,3.4045,1.1949,0.2659,4636,3309
0e4f830e,OIDC,baseline,0.2982,0.5039,2.1898,0.8744,3.9856,1.3509,0.2889,4636,3309
0e4f830e,OIDC,baseline,0.3768,0.4678,2.0496,0.7114,3.7109,1.3601,0.2814,4636,3309
0e4f830e,OIDC,baseline,0.3122,0.4496,2.221,0.6907,3.7708,1.5715,0.2643,4636,3309
0e4f830e,OIDC,baseline,0.3063,0.4611,2.0268,0.7173,3.6208,1.3744,0.268,4636,3309
0e4f830e,OIDC,baseline,0.4136,0.5187,4.1088,1.6996,6.9479,2.8085,0.5013,4636,3309
0e4f830e,OIDC,baseline,0.7116,0.9892,4.2619,1.2938,7.4733,2.7324,0.3906,4636,3309
0e4f830e,OIDC,baseline,0.4835,0.6546,3.1175,0.8749,5.2732,2.0951,0.3258,4636,3309
0e4f830e,OIDC,baseline,0.3755,0.841,2.9665,0.8718,5.1961,1.9485,0.3074,4636,3309
0e4f830e,OIDC,baseline,0.3838,0.5202,3.9034,0.9326,5.8753,2.9523,0.3302,4636,3309
0e4f830e,OIDC,baseline,0.4607,0.592,3.2165,1.0154,5.4479,2.1937,0.329,4636,3309
0e4f830e,OIDC,baseline,0.6292,0.9253,4.7452,2.5496,9.16,2.6858,0.6394,4636,3309
0e4f830e,OIDC,baseline,1.438,1.2638,3.4034,2.5418,8.9017,1.6375,0.5299,4636,3309
0e4f830e,OIDC,baseline,0.7224,0.9712,4.4109,1.3458,7.6861,2.8891,0.4049,4636,3309
0e4f830e,OIDC,baseline,0.8495,1.0727,6.3843,1.3387,9.8882,4.8824,0.3549,4636,3309
0e4f830e,OIDC,baseline,0.5063,0.6356,3.3894,0.9543,5.6433,2.3677,0.3423,4636,3309
0e4f830e,OIDC,baseline,0.4353,0.645,2.6022,0.9195,4.7484,1.5635,0.323,4636,3309
0e4f830e,OIDC,baseline,0.4071,1.1414,3.6839,0.9943,6.407,2.1657,0.3239,4636,3309
0e4f830e,OIDC,baseline,0.4528,0.5345,3.7046,1.0492,5.9122,2.5885,0.3248,4636,3309
0e4f830e,OIDC,baseline,0.9532,0.8362,3.1805,0.864,6.0018,2.0707,0.3126,4636,3309
0e4f830e,OIDC,baseline,0.3827,0.573,3.3552,1.0387,5.5274,2.0985,0.3384,4636,3309
0e4f830e,OIDC,baseline,0.5301,0.6371,3.7328,0.9046,5.9683,2.7018,0.3199,4636,3309
0e4f830e,OIDC,baseline,0.4442,0.5853,3.6789,0.8798,5.7346,2.6681,0.3152,4636,3309
0e4f830e,OIDC,baseline,0.4126,0.5739,3.5979,0.8621,5.5885,2.5635,0.3135,4636,3309
0e4f830e,OIDC,baseline,0.3668,0.6834,2.7862,0.9012,4.8793,1.8636,0.3113,4636,3309
0e4f830e,OIDC,baseline,0.4046,0.5515,4.722,1.0325,6.8536,3.7774,0.3264,4636,3309
0e4f830e,OIDC,baseline,0.4369,0.694,2.6556,0.8767,4.8242,1.5445,0.3146,4636,3309
0e4f830e,OIDC,baseline,0.416,0.8476,3.0389,0.9,5.3475,2.0199,0.3186,4636,3309
0e4f830e,OIDC,baseline,0.3926,0.6028,2.5767,0.897,4.6199,1.5515,0.3147,4636,3309
0e4f830e,OIDC,baseline,0.6283,0.6553,2.3878,0.9523,4.7889,1.3421,0.3357,4636,3309
0e4f830e,OIDC,baseline,0.4175,0.5563,3.801,1.0341,5.9535,2.7902,0.3526,4636,3309
0e4f830e,OIDC,baseline,0.4191,0.5523,3.819,1.9335,6.963,2.1898,0.617,4636,3309
0e4f830e,OIDC,baseline,0.6624,0.8339,4.6573,1.1387,7.5188,3.0139,0.3798,4636,3309
0e4f830e,OIDC,baseline,0.5622,0.7094,2.208,0.8193,4.4545,1.299,0.2991,4636,3309
0e4f830e,OIDC,baseline,0.3875,0.5241,2.8833,0.8413,4.7661,1.9593,0.3115,4636,3309
0e4f830e,OIDC,baseline,0.3538,0.5045,2.3498,0.85,4.1828,1.4481,0.2976,4636,3309
0e4f830e,OIDC,baseline,0.3621,0.5085,5.0588,0.8136,6.8698,4.1283,0.2926,4636,3309
0e4f830e,OIDC,baseline,0.3629,0.5899,5.6635,1.4819,8.3039,3.9743,0.4796,4636,3309
0e4f830e,OIDC,baseline,0.6227,0.7448,3.5164,1.0397,6.1199,2.3211,0.3655,4636,3309
0e4f830e,OIDC,baseline,0.4104,0.5823,2.8851,0.9776,5.0075,1.9335,0.3338,4636,3309
0e4f830e,OIDC,baseline,0.4233,0.5455,3.4735,1.0096,5.6165,2.4086,0.3264,4636,3309
0e4f830e,OIDC,baseline,0.3557,0.5607,4.1484,1.0501,6.2415,3.2592,0.3065,4636,3309
0e4f830e,OIDC,baseline,0.3283,0.4813,3.4518,0.7826,5.1543,2.6287,0.2902,4636,3309
0e4f830e,OIDC,baseline,0.3208,0.5171,2.7046,0.8319,4.5039,2.0056,0.3143,4636,3309
0e4f830e,OIDC,baseline,0.4096,0.7195,3.1929,0.7632,5.2097,2.4478,0.2885,4636,3309
0e4f830e,OIDC,baseline,0.3211,0.4929,3.9182,0.7369,5.5815,3.1948,0.2919,4636,3309
0e4f830e,OIDC,baseline,0.3213,0.6613,2.3359,0.7536,4.1873,1.5564,0.2855,4636,3309
0e4f830e,OIDC,baseline,0.3178,0.5006,3.4909,0.7647,5.1823,2.6414,0.2919,4636,3309
0e4f830e,OIDC,baseline,0.3184,0.4812,3.9248,0.8109,5.6561,3.0368,0.2902,4636,3309
0e4f830e,OIDC,baseline,0.4314,0.5098,2.9381,0.9303,4.9414,2.043,0.3022,4636,3309
0e4f830e,OIDC,baseline,1.2909,1.0358,3.516,1.2822,7.3272,2.2053,0.4441,4636,3309
0e4f830e,OIDC,baseline,0.5,0.6492,2.4441,0.6886,4.3976,1.6709,0.2646,4636,3309
0e4f830e,OIDC,baseline,0.3025,0.4523,2.2034,0.6681,3.7236,1.5225,0.2629,4636,3309
0e4f830e,OIDC,baseline,0.297,0.4561,2.495,0.7715,4.1281,1.6774,0.278,4636,3309
0e4f830e,OIDC,baseline,0.3229,0.4796,2.621,0.7688,4.3021,1.7848,0.2756,4636,3309
0e4f830e,OIDC,baseline,0.3294,0.4838,2.3272,0.6772,3.9179,1.6566,0.2683,4636,3309
0e4f830e,OIDC,baseline,0.3017,0.6748,3.1533,0.6741,4.9005,2.4954,0.2619,4636,3309
0e4f830e,OIDC,baseline,0.2965,0.5082,2.4819,0.7659,4.1993,1.3544,0.2861,4636,3309
0e4f830e,OIDC,baseline,0.318,0.4549,2.9738,0.6845,4.5291,2.286,0.2662,4636,3309
0e4f830e,OIDC,baseline,0.3042,0.4566,2.5943,0.7265,4.185,1.8779,0.2734,4636,3309
0e4f830e,OIDC,baseline,0.3069,0.4583,2.1731,0.6976,3.7377,1.4918,0.2652,4636,3309
0e4f830e,OIDC,baseline,0.3261,0.4682,3.5614,0.6841,5.1424,2.8902,0.2688,4636,3309
0e4f830e,OIDC,baseline,0.3141,0.4556,3.1143,0.6996,4.6822,2.406,0.2653,4636,3309
0e4f830e,OIDC,baseline,0.3043,0.4514,1.9752,0.7157,3.5464,1.2716,0.2673,4636,3309
0e4f830e,OIDC,baseline,0.3046,0.4573,2.0485,0.7529,3.6648,1.3354,0.2899,4636,3309
0e4f830e,OIDC,baseline,0.3335,0.4722,2.4423,0.7345,4.0861,1.7202,0.2745,4636,3309
0e4f830e,OIDC,baseline,0.3307,0.4568,2.0724,0.7037,3.664,1.3833,0.2687,4636,3309
0e4f830e,OIDC,baseline,0.352,0.4584,2.1168,0.7136,3.7441,1.4359,0.2687,4636,3309
0e4f830e,OIDC,baseline,0.3081,0.4681,4.1478,0.7428,5.7742,3.3429,0.2782,4636,3309
0e4f830e,OIDC,baseline,0.3074,0.488,2.6472,0.6861,4.2313,1.9341,0.2684,4636,3309
0e4f830e,OIDC,baseline,0.3021,0.4773,2.3507,0.8913,4.1196,1.6899,0.2678,4636,3309
0e4f830e,OIDC,baseline,0.3048,0.473,1.969,0.7068,3.556,1.2664,0.268,4636,3309
0e4f830e,OIDC,baseline,0.3008,0.4533,3.9417,0.7327,5.5313,3.1495,0.2694,4636,3309
0e4f830e,OIDC,baseline,0.3033,0.4526,2.4957,0.7061,4.0581,1.8189,0.2727,4636,3309
0e4f830e,OIDC,baseline,0.3031,0.4584,3.1125,0.6747,4.6498,2.4429,0.2637,4636,3309
0e4f830e,OIDC,baseline,0.3155,0.4911,2.4752,0.8526,4.2596,1.4321,0.2954,4636,3309
0e4f830e,OIDC,baseline,0.4223,0.7956,4.2201,0.8072,6.3907,3.0874,0.2906,4636,3309
0e4f830e,OIDC,baseline,0.3285,0.4764,2.3635,0.7489,4.0225,1.6378,0.2773,4636,3309
0e4f830e,OIDC,baseline,0.3178,0.4696,2.1783,0.7017,3.771,1.4282,0.2733,4636,3309
0e4f830e,OIDC,baseline,0.3357,0.6898,3.0569,0.7561,4.9693,2.1549,0.2775,4636,3309
0e4f830e,OIDC,baseline,0.3112,0.4645,3.3573,0.796,5.0416,2.5134,0.287,4636,3309
0e4f830e,OIDC,baseline,0.3944,0.5275,2.1476,0.8111,4.0064,1.357,0.2896,4636,3309
0e4f830e,OIDC,baseline,0.3746,0.5022,2.9644,0.8036,4.7624,2.1552,0.285,4636,3309
0e4f830e,OIDC,baseline,0.3505,0.5095,2.1516,0.838,3.9724,1.3411,0.2861,4636,3309
0e4f830e,OIDC,baseline,0.4041,0.5521,4.1619,0.831,6.0796,3.269,0.2923,4636,3309
0e4f830e,OIDC,baseline,0.3596,0.7764,2.4562,0.7882,4.5137,1.6164,0.2854,4636,3309
0e4f830e,OIDC,baseline,0.3264,0.4919,1.793,0.7215,3.4327,1.1026,0.2763,4636,3309
0e4f830e,OIDC,baseline,0.3144,0.4694,2.3916,0.7913,4.0746,1.5835,0.285,4636,3309
0e4f830e,OIDC,baseline,0.322,0.4744,2.5288,0.7344,4.1649,1.8274,0.2886,4636,3309
0e4f830e,OIDC,baseline,0.331,0.489,1.7824,0.7164,3.4223,1.0748,0.2886,4636,3309
0e4f830e,OIDC,baseline,0.3139,0.4636,3.2697,0.7185,4.8672,2.5546,0.277,4636,3309
0e4f830e,OIDC,baseline,0.311,0.4701,2.4009,0.765,4.0586,1.5608,0.2805,4636,3309
0e4f830e,OIDC,baseline,0.3194,0.4943,2.2466,0.6833,3.8461,1.5597,0.271,4636,3309
0e4f830e,OIDC,baseline,0.3306,0.4849,3.4261,0.7276,5.0795,2.7069,0.278,4636,3309
0e4f830e,OIDC,baseline,0.3136,0.474,5.3683,0.7518,7.0189,4.6033,0.2804,4636,3309
0e4f830e,OIDC,baseline,0.311,0.4712,2.08,0.7302,3.716,1.3511,0.2807,4636,3309
0e4f830e,OIDC,baseline,0.3215,0.4772,2.7222,0.6906,4.3134,2.0297,0.274,4636,3309
0e4f830e,OIDC,baseline,0.3144,0.4859,3.0042,0.6724,4.5768,2.3377,0.2649,4636,3309
0e4f830e,OIDC,baseline,0.337,0.5701,2.1616,0.6874,3.8649,1.4142,0.2674,4636,3309
0e4f830e,OIDC,baseline,0.3014,0.4653,2.8263,0.9508,4.6456,2.1094,0.283,4636,3309
0e4f830e,OIDC,baseline,0.3194,0.4532,3.356,0.6741,4.9016,2.6921,0.2645,4636,3309
0e4f830e,OIDC,baseline,0.2974,0.4443,1.8053,0.7473,3.3934,1.1297,0.2757,4636,3309
0e4f830e,OIDC,baseline,0.316,0.4622,3.7057,0.6972,5.2846,3.001,0.2686,4636,3309
0e4f830e,OIDC,baseline,0.3179,0.4566,2.8153,0.6905,4.3786,2.1585,0.2769,4636,3309
0e4f830e,OIDC,baseline,0.303,0.4539,2.0441,0.6954,3.5976,1.3553,0.266,4636,3309
0e4f830e,OIDC,baseline,0.3196,0.4631,3.1195,0.76,4.7691,2.3666,0.2733,4636,3309
0e4f830e,OIDC,baseline,0.3148,0.4637,1.774,0.6858,3.3353,1.0977,0.2673,4636,3309
0e4f830e,OIDC,baseline,0.3236,0.456,1.9327,0.6988,3.513,1.2254,0.2655,4636,3309
0e4f830e,OIDC,baseline,0.3035,0.4752,2.3859,0.6815,3.9415,1.703,0.2673,4636,3309
0e4f830e,OIDC,baseline,0.308,0.4846,2.5032,0.8488,4.2678,1.6845,0.287,4636,3309
0e4f830e,OIDC,baseline,0.3691,0.5226,2.4987,0.749,4.2747,1.611,0.2746,4636,3309
0e4f830e,OIDC,baseline,0.3363,0.5119,2.3293,0.7924,4.0899,1.5008,0.2842,4636,3309
0e4f830e,OIDC,baseline,0.3808,0.4777,3.3717,0.7803,5.131,2.5198,0.2846,4636,3309
0e4f830e,OIDC,baseline,0.3409,0.5798,2.0517,0.774,3.8689,1.1863,0.2852,4636,3309
0e4f830e,OIDC,baseline,0.3342,0.7645,2.3321,0.7591,4.3038,1.4803,0.2801,4636,3309
0e4f830e,OIDC,baseline,0.329,0.4901,3.1793,0.8001,4.9139,2.3698,0.2786,4636,3309
0e4f830e,OIDC,baseline,0.3497,0.4872,2.4758,1.2022,4.6406,1.6379,0.3612,4636,3309
0e4f830e,OIDC,baseline,0.4218,0.5845,3.1735,0.8042,5.1143,2.2918,0.2951,4636,3309
0e4f830e,OIDC,baseline,0.3399,0.5237,3.7087,0.7667,5.4538,2.8864,0.2871,4636,3309
0e4f830e,OIDC,baseline,0.3428,0.5051,2.5543,0.7554,4.2695,1.8061,0.2937,4636,3309
0e4f830e,OIDC,baseline,0.3348,0.5065,2.0039,0.7386,3.6938,1.284,0.2853,4636,3309
0e4f830e,OIDC,baseline,0.3533,0.515,2.0737,0.7032,3.7534,1.3539,0.276,4636,3309
0e4f830e,OIDC,baseline,0.3422,0.5026,1.9318,0.6979,3.5807,1.2294,0.2767,4636,3309
0e4f830e,OIDC,baseline,0.3214,0.5731,2.6038,0.7315,4.3401,1.8439,0.281,4636,3309
0e4f830e,OIDC,baseline,0.4119,0.5853,3.0745,0.8459,5.0589,2.1134,0.2965,4636,3309
0e4f830e,OIDC,baseline,0.334,0.5113,2.1152,0.7832,3.8556,1.3654,0.2818,4636,3309
0e4f830e,OIDC,baseline,0.406,0.5259,2.3671,0.829,4.2589,1.5522,0.292,4636,3309
0e4f830e,OIDC,baseline,0.3368,0.5113,2.3967,0.9622,4.3385,1.4628,0.3279,4636,3309
0e4f830e,OIDC,baseline,0.3941,0.5381,3.5305,0.7845,5.3678,2.3079,0.2871,4636,3309
0e4f830e,OIDC,baseline,0.3306,0.4983,2.1688,0.7418,3.8469,1.4341,0.295,4636,3309
0e4f830e,OIDC,baseline,0.328,0.4991,3.0229,0.7651,4.7253,2.207,0.2815,4636,3309
0e4f830e,OIDC,baseline,0.3352,0.5172,2.4223,0.7331,4.1336,1.6818,0.2813,4636,3309
0e4f830e,OIDC,baseline,0.3227,0.5092,2.2302,0.6994,3.8662,1.5014,0.2756,4636,3309
0e4f830e,OIDC,baseline,0.3346,0.4961,2.7295,0.7112,4.3788,1.9982,0.2796,4636,3309
0e4f830e,OIDC,baseline,0.3181,0.4968,3.1617,0.7949,4.8849,2.3528,0.3027,4636,3309
0e4f830e,OIDC,baseline,0.3285,0.5008,2.3689,0.7408,4.0462,1.6428,0.292,4636,3309
0e4f830e,OIDC,baseline,0.3323,0.4962,2.4846,0.722,4.14,1.7769,0.2786,4636,3309
0e4f830e,OIDC,baseline,0.3273,0.501,2.6932,0.7295,4.3568,1.964,0.2822,4636,3309
0e4f830e,OIDC,baseline,0.3275,0.5028,3.1836,0.7788,4.9071,2.3001,0.2804,4636,3309
0e4f830e,OIDC,baseline,0.3816,0.5044,3.6873,0.7801,5.48,2.7888,0.2815,4636,3309
0e4f830e,OIDC,baseline,0.3316,0.5052,2.6991,0.9007,4.5665,1.7498,0.2991,4636,3309
0e4f830e,OIDC,baseline,0.4889,0.5741,2.3419,0.8613,4.4122,1.4662,0.3126,4636,3309
0e4f830e,OIDC,baseline,0.3775,0.524,2.168,0.8999,4.1006,1.2879,0.3112,4636,3309
0e4f830e,OIDC,baseline,16.232,0.813,2.8461,0.8789,20.9436,1.7667,0.3054,4636,3309
0e4f830e,OIDC,baseline,0.3981,0.719,3.2553,0.8238,5.3278,2.3237,0.3002,4636,3309
0e4f830e,OIDC,baseline,0.3661,0.5543,2.4657,0.7814,4.2907,1.5838,0.2783,4636,3309
0e4f830e,OIDC,baseline,0.3174,0.487,5.3606,0.752,7.0264,4.5382,0.2761,4636,3309
0e4f830e,OIDC,baseline,0.3328,0.4774,2.4799,0.7506,4.1497,1.6807,0.2773,4636,3309
0e4f830e,OIDC,baseline,0.3367,0.4822,1.8427,0.7153,3.4771,1.14,0.2764,4636,3309
0e4f830e,OIDC,baseline,0.3105,0.4821,2.1197,0.7333,3.7497,1.3644,0.2769,4636,3309
0e4f830e,OIDC,baseline,0.3142,0.4747,3.6099,0.7332,5.2348,2.8891,0.2869,4636,3309
0e4f830e,OIDC,baseline,0.3123,0.4694,5.1301,0.7593,6.7795,4.3312,0.2767,4636,3309
0e4f830e,OIDC,baseline,0.333,0.4793,2.7828,0.8732,4.5878,2.0859,0.2762,4636,3309
0e4f830e,OIDC,baseline,0.3286,0.4659,2.3905,0.7235,4.0109,1.6775,0.2773,4636,3309
0e4f830e,OIDC,baseline,0.329,0.4674,3.2118,0.7877,4.9031,2.4532,0.2827,4636,3309
0e4f830e,OIDC,baseline,0.3158,0.4678,2.1795,0.7039,3.7657,1.4981,0.2861,4636,3309
0e4f830e,OIDC,baseline,0.3182,0.4831,2.9086,0.7086,4.5233,2.1917,0.2741,4636,3309
0e4f830e,OIDC,baseline,0.3132,0.4702,1.8984,0.7004,3.4842,1.2123,0.2823,4636,3309
0e4f830e,OIDC,baseline,0.3117,0.4625,2.1424,0.8026,3.832,1.3175,0.3012,4636,3309
0e4f830e,OIDC,baseline,0.3529,0.4826,2.0808,0.7583,3.7868,1.3731,0.2767,4636,3309
0e4f830e,OIDC,baseline,0.3308,0.4775,1.9803,0.6984,3.5927,1.268,0.2724,4636,3309
0e4f830e,OIDC,baseline,0.3126,0.4877,2.2739,0.7107,3.8918,1.5653,0.2741,4636,3309
0e4f830e,OIDC,baseline,0.3126,0.498,4.4879,0.7591,6.1662,3.7155,0.2816,4636,3309
0e4f830e,OIDC,baseline,0.3397,0.4823,1.8548,0.7084,3.4877,1.17,0.2779,4636,3309
0e4f830e,OIDC,baseline,0.3235,0.4974,2.5501,0.6972,4.1706,1.8717,0.2743,4636,3309
0e4f830e,OIDC,baseline,0.3087,0.4967,2.4316,0.6862,4.0242,1.7577,0.2742,4636,3309
0e4f830e,OIDC,baseline,0.3745,0.6487,3.4998,0.7389,5.4029,2.202,0.2737,4636,3309
0e4f830e,OIDC,baseline,0.3061,0.462,2.2562,0.6974,3.8245,1.5355,0.2671,4636,3309
0e4f830e,OIDC,baseline,0.3077,0.4541,2.1813,0.7428,3.7889,1.4781,0.2715,4636,3309
0e4f830e,OIDC,baseline,0.3173,0.4612,2.345,1.0047,4.2342,1.6745,0.2967,4636,3309
0e4f830e,OIDC,baseline,0.3521,0.4915,3.0035,0.7737,4.7343,2.0235,0.2795,4636,3309
0e4f830e,OIDC,baseline,0.3225,0.5243,2.3285,0.7254,4.0118,1.5544,0.2674,4636,3309
0e4f830e,OIDC,baseline,0.3131,0.4846,3.6173,0.6988,5.2142,2.9081,0.266,4636,3309
0e4f830e,OIDC,baseline,0.3253,0.4786,1.8916,0.6927,3.4906,1.2146,0.279,4636,3309
0e4f830e,OIDC,baseline,0.3318,0.523,2.6621,0.7901,4.4279,1.8004,0.2798,4636,3309
0e4f830e,OIDC,baseline,0.3142,0.4688,3.0351,0.7098,4.6325,2.3144,0.2655,4636,3309
0e4f830e,OIDC,baseline,0.3062,0.4754,1.6497,0.6792,3.2046,0.9978,0.2628,4636,3309
0e4f830e,OIDC,baseline,0.3124,0.4607,1.8275,0.6658,3.3653,1.1655,0.2631,4636,3309
0e4f830e,OIDC,baseline,0.5797,0.633,2.8839,0.7726,5.021,2.0054,0.28,4636,3309
0e4f830e,OIDC,baseline,0.3245,0.4802,4.1159,0.7313,5.7542,3.3625,0.2679,4636,3309
0e4f830e,OIDC,baseline,0.3038,0.4752,1.902,0.9214,3.7053,1.2182,0.2798,4636,3309
0e4f830e,OIDC,baseline,0.3099,0.4536,4.3177,0.8509,6.0494,3.4456,0.3133,4636,3309
0e4f830e,OIDC,baseline,0.3642,0.5136,2.8028,0.7324,4.5292,1.9366,0.2733,4636,3309
0e4f830e,OIDC,baseline,0.3063,0.4629,2.417,0.6995,3.9856,1.7337,0.2686,4636,3309
0e4f830e,OIDC,baseline,0.31,0.4597,2.2277,0.8011,3.9288,1.421,0.2835,4636,3309
0e4f830e,OIDC,baseline,0.3841,0.5334,2.8926,0.7132,4.6432,2.0809,0.2678,4636,3309
0e4f830e,OIDC,baseline,0.3049,0.4744,3.1175,0.7376,4.7356,2.4229,0.2859,4636,3309
0e4f830e,OIDC,baseline,0.3069,0.457,2.5183,0.6968,4.0775,1.8431,0.2771,4636,3309
0e4f830e,OIDC,baseline,0.3127,0.4663,2.8859,0.7572,4.5487,1.9903,0.2766,4636,3309
0e4f830e,OIDC,baseline,0.3251,0.4621,2.1947,0.722,3.8034,1.4884,0.2698,4636,3309
0e4f830e,OIDC,baseline,0.3119,0.4623,2.7059,0.6819,4.2609,2.0045,0.2623,4636,3309
0e4f830e,OIDC,baseline,0.3006,0.4498,2.0542,0.7219,3.625,1.3518,0.2683,4636,3309
0e4f830e,OIDC,baseline,0.3076,1.5873,5.4073,1.4359,9.0445,3.7606,0.5172,4636,3309
0e4f830e,OIDC,baseline,0.5687,0.848,3.5164,0.7506,5.8099,2.586,0.2788,4636,3309
0e4f830e,OIDC,baseline,0.3178,0.6156,3.4707,0.8704,5.4038,2.4744,0.2807,4636,3309
0e4f830e,OIDC,baseline,0.5689,0.4921,4.5115,0.9242,6.6273,3.58,0.2987,4636,3309
0e4f830e,OIDC,baseline,0.4175,0.6353,2.5244,0.7608,4.4713,1.3902,0.2817,4636,3309
0e4f830e,OIDC,baseline,0.3148,0.4792,2.1819,0.7175,3.7974,1.4214,0.2747,4636,3309
0e4f830e,OIDC,baseline,0.3798,0.4768,2.0989,1.2025,4.2918,1.4034,0.4107,4636,3309
0e4f830e,OIDC,baseline,0.5489,0.6831,2.1743,0.7418,4.292,1.3196,0.274,4636,3309
0e4f830e,OIDC,baseline,0.316,0.4976,2.2695,0.6796,3.8626,1.5924,0.2692,4636,3309
0e4f830e,OIDC,baseline,0.3135,0.489,2.1145,0.6964,3.7161,1.4247,0.2708,4636,3309
0e4f830e,OIDC,baseline,0.3147,0.4659,2.8457,0.7293,4.4611,2.0953,0.2773,4636,3309
0e4f830e,OIDC,baseline,0.5812,0.8572,2.2255,0.8347,4.6548,1.238,0.2888,4636,3309
0e4f830e,OIDC,baseline,0.3388,0.4811,2.1395,0.6964,3.7593,1.4305,0.2746,4636,3309
0e4f830e,OIDC,baseline,0.3166,0.4723,1.9503,0.7211,3.5659,1.2357,0.2756,4636,3309
0e4f830e,OIDC,baseline,0.3325,0.4894,5.9403,0.739,7.6104,5.1036,0.2742,4636,3309
0e4f830e,OIDC,baseline,0.3066,0.4586,2.6265,0.6793,4.1697,1.9275,0.2642,4636,3309
0e4f830e,OIDC,baseline,0.3043,0.4773,2.855,0.6997,4.4376,2.1173,0.2809,4636,3309
0e4f830e,OIDC,baseline,0.3314,0.6721,2.1554,0.848,4.1484,1.3888,0.2877,4636,3309
0e4f830e,OIDC,baseline,0.3824,0.5127,3.2203,0.7898,5.0358,2.195,0.2794,4636,3309
0e4f830e,OIDC,baseline,0.345,0.5204,2.414,0.7645,4.1617,1.5712,0.2768,4636,3309
0e4f830e,OIDC,baseline,0.439,0.5443,2.9524,0.772,4.8299,2.1526,0.2794,4636,3309
0e4f830e,OIDC,baseline,0.3746,0.5071,3.5436,0.7764,5.3214,2.6292,0.2831,4636,3309
0e4f830e,OIDC,baseline,0.3426,0.5067,2.042,0.7776,3.7872,1.2268,0.279,4636,3309
0e4f830e,OIDC,baseline,0.3631,0.5506,2.6332,0.7618,4.4541,1.7194,0.2775,4636,3309
0e4f830e,OIDC,baseline,0.3313,0.5121,2.1915,0.7862,3.9322,1.4457,0.2708,4636,3309
0e4f830e,OIDC,baseline,0.3497,0.5062,2.0955,0.8098,3.8834,1.2417,0.2921,4636,3309
0e4f830e,OIDC,baseline,0.3365,0.4981,2.4475,0.7708,4.1621,1.594,0.2808,4636,3309
0e4f830e,OIDC,baseline,0.3394,0.5101,2.567,0.7804,4.3131,1.7612,0.2803,4636,3309
0e4f830e,OIDC,baseline,0.3672,0.54,4.0392,1.0281,6.1353,2.9975,0.3268,4636,3309
0e4f830e,OIDC,baseline,0.5222,0.6622,2.451,0.9678,4.7622,1.398,0.3111,4636,3309
0e4f830e,OIDC,baseline,0.4283,0.5714,3.823,1.004,5.9835,2.7871,0.3479,4636,3309
0e4f830e,OIDC,baseline,0.4526,0.6192,4.0278,1.0538,6.3342,2.6897,0.3221,4636,3309
0e4f830e,OIDC,baseline,0.4255,0.6763,2.4026,0.9469,4.604,1.386,0.3153,4636,3309
0e4f830e,OIDC,baseline,0.4401,0.5862,3.4528,0.9013,5.5541,2.4311,0.3118,4636,3309
0e4f830e,OIDC,baseline,0.4376,0.6311,2.4826,0.8115,4.5043,1.5681,0.2975,4636,3309
0e4f830e,OIDC,baseline,0.3348,0.5266,2.1488,0.6936,3.8083,1.4539,0.2743,4636,3309
0e4f830e,OIDC,baseline,0.3127,0.4843,2.0856,0.7227,3.7146,1.3488,0.2679,4636,3309
0e4f830e,OIDC,baseline,0.3164,0.4618,2.6881,0.6791,4.246,1.9971,0.2637,4636,3309
0e4f830e,OIDC,baseline,0.3038,0.4745,2.9739,1.0865,4.9748,2.0171,0.3085,4636,3309
0e4f830e,OIDC,baseline,0.4317,0.5173,2.3191,0.7569,4.1511,1.4912,0.2885,4636,3309
0e4f830e,OIDC,baseline,0.311,0.463,1.9506,0.6658,3.4885,1.2844,0.2628,4636,3309
0e4f830e,OIDC,baseline,0.3357,0.4684,2.2578,0.7136,3.8786,1.5437,0.2689,4636,3309
0e4f830e,OIDC,baseline,0.3232,0.4605,2.6863,0.8681,4.4654,1.5071,0.2857,4636,3309
0e4f830e,OIDC,baseline,0.4622,0.5576,2.4833,0.8071,4.4459,1.6281,0.2757,4636,3309
0e4f830e,OIDC,baseline,0.3515,0.4927,2.024,0.7874,3.7724,1.2023,0.2778,4636,3309
0e4f830e,OIDC,baseline,0.321,0.4704,3.6433,0.9712,5.5237,2.8925,0.2695,4636,3309
0e4f830e,OIDC,baseline,0.322,0.4603,1.8395,0.6829,3.4031,1.1601,0.2628,4636,3309
0e4f830e,OIDC,baseline,0.3007,0.4661,5.0619,0.7058,6.6323,4.3899,0.2658,4636,3309
0e4f830e,OIDC,baseline,0.3143,0.4544,1.7216,0.6922,3.2841,1.0312,0.2644,4636,3309
0e4f830e,OIDC,baseline,0.3018,0.4732,4.0433,0.7371,5.6692,3.1209,0.2719,4636,3309
0e4f830e,OIDC,baseline,0.3095,0.4561,2.0009,0.705,3.5701,1.2908,0.2644,4636,3309
0e4f830e,OIDC,baseline,0.3005,0.4549,3.4666,0.6896,5.0108,2.7895,0.2653,4636,3309
0e4f830e,OIDC,baseline,0.3042,0.4712,2.1224,1.0049,4.0355,1.1623,0.3017,4636,3309
0e4f830e,OIDC,baseline,0.4451,0.5445,2.8077,0.8067,4.7408,1.9458,0.3013,4636,3309
0e4f830e,OIDC,baseline,0.3532,0.5111,2.2327,0.8202,4.0431,1.3595,0.3087,4636,3309
0e4f830e,OIDC,baseline,0.3411,0.4896,2.9689,0.8337,4.7591,2.0698,0.2951,4636,3309
0e4f830e,OIDC,baseline,0.3626,0.5337,3.5832,0.8476,5.4533,2.6835,0.2923,4636,3309
0e4f830e,OIDC,baseline,0.3632,0.5125,2.1981,0.8404,4.0415,1.332,0.2853,4636,3309
0e4f830e,OIDC,baseline,0.3757,0.5857,2.1519,0.8112,4.0601,1.2397,0.2875,4636,3309
0e4f830e,OIDC,baseline,0.3444,0.5033,3.8347,0.9174,5.7286,2.9115,0.3284,4636,3309
0e4f830e,OIDC,baseline,0.3934,0.7728,4.2397,0.9508,6.4899,3.2274,0.3062,4636,3309
0e4f830e,OIDC,baseline,0.462,0.7422,2.8545,0.7806,4.9756,1.9994,0.2869,4636,3309
0e4f830e,OIDC,baseline,0.3866,0.5414,3.0153,0.7747,4.8434,2.1791,0.2813,4636,3309
0e4f830e,OIDC,baseline,0.3262,0.4829,2.5814,0.7267,4.223,1.8417,0.2768,4636,3309
0e4f830e,OIDC,baseline,0.3161,0.4793,2.4091,0.9477,4.2721,1.5918,0.3195,4636,3309
0e4f830e,OIDC,baseline,0.5021,0.6366,2.9199,0.7711,4.9609,2.1469,0.2756,4636,3309
0e4f830e,OIDC,baseline,0.3304,0.4822,2.7122,0.7196,4.3477,2.0008,0.2857,4636,3309
0e4f830e,OIDC,baseline,0.3104,0.4607,2.8989,0.7671,4.5372,2.2211,0.2752,4636,3309
0e4f830e,OIDC,baseline,0.3195,0.4733,3.3526,0.752,5.0068,2.3735,0.276,4636,3309
0e4f830e,OIDC,baseline,0.3244,0.4796,3.8609,0.7004,5.4693,3.1349,0.263,4636,3309
0e4f830e,OIDC,baseline,0.3033,0.4767,3.9775,0.6717,5.5286,3.3064,0.2612,4636,3309
0e4f830e,OIDC,baseline,0.3056,0.4888,2.1962,0.8677,3.9768,1.3866,0.2938,4636,3309
0e4f830e,OIDC,baseline,0.3535,0.4693,2.095,0.7184,3.7401,1.3928,0.2652,4636,3309
0e4f830e,OIDC,baseline,0.3234,0.4587,2.9649,0.6983,4.5472,2.2809,0.2667,4636,3309
0e4f830e,OIDC,baseline,0.3135,0.4748,2.4432,0.8001,4.1346,1.5038,0.2761,4636,3309
0e4f830e,OIDC,baseline,0.3087,0.4769,2.2745,0.7168,3.8821,1.5437,0.2682,4636,3309
0e4f830e,OIDC,baseline,0.3041,0.4753,2.7654,0.705,4.3509,2.0521,0.2667,4636,3309
0e4f830e,OIDC,baseline,0.3192,0.4592,2.2308,0.6908,3.8003,1.5268,0.2663,4636,3309
0e4f830e,OIDC,baseline,0.3062,0.4914,1.9329,0.6716,3.5016,1.2446,0.2642,4636,3309
0e4f830e,OIDC,baseline,0.3003,0.4533,1.6383,0.8247,3.3163,0.9647,0.2942,4636,3309
0e4f830e,OIDC,baseline,0.3185,0.4547,2.1167,0.7349,3.7262,1.4204,0.2698,4636,3309
0e4f830e,OIDC,baseline,0.3183,0.5071,2.4222,0.8218,4.1863,1.5772,0.2702,4636,3309
0e4f830e,OIDC,baseline,0.3277,0.4776,2.422,0.745,4.0786,1.7047,0.2865,4636,3309
0e4f830e,OIDC,baseline,0.3315,0.4776,2.4654,0.7692,4.1555,1.6666,0.2945,4636,3309
0e4f830e,OIDC,baseline,0.3143,0.4621,1.9024,0.6965,3.4759,1.2152,0.2658,4636,3309
0e4f830e,OIDC,baseline,0.3258,0.4609,1.9855,0.7059,3.5783,1.2863,0.2666,4636,3309
0e4f830e,OIDC,baseline,0.3058,0.478,2.658,0.6978,4.2399,1.9636,0.2667,4636,3309
0e4f830e,OIDC,baseline,0.3197,0.4645,1.7513,0.6948,3.3309,1.0759,0.2654,4636,3309
0e4f830e,OIDC,baseline,0.324,0.4761,2.2734,0.7052,3.8861,1.5061,0.2644,4636,3309
0e4f830e,OIDC,baseline,0.5254,0.4831,2.6355,0.7065,4.4523,1.9177,0.2689,4636,3309
0e4f830e,OIDC,baseline,0.3073,0.4825,1.8288,0.6875,3.4068,1.1528,0.2672,4636,3309
0e4f830e,OIDC,baseline,0.3026,0.4594,1.9077,0.6833,3.4509,1.2597,0.2778,4636,3309
0e4f830e,OIDC,baseline,0.3587,0.504,2.0082,0.6922,3.6768,1.3224,0.2701,4636,3309
0e4f830e,OIDC,baseline,0.3134,0.4637,2.764,0.7191,4.3653,2.0776,0.2802,4636,3309
0e4f830e,OIDC,baseline,0.3096,0.5218,2.1705,0.6877,3.792,1.4823,0.2633,4636,3309
0e4f830e,OIDC,baseline,0.3053,0.4531,5.3606,0.7232,6.9476,4.6264,0.2694,4636,3309
0e4f830e,OIDC,baseline,0.309,0.4652,2.1089,0.7042,3.6847,1.4237,0.2827,4636,3309
0e4f830e,OIDC,baseline,0.3157,0.4562,2.4335,0.6746,3.9799,1.7681,0.2634,4636,3309
0e4f830e,OIDC,baseline,0.311,0.455,1.8977,0.7203,3.4845,1.2478,0.2825,4636,3309
0e4f830e,OIDC,baseline,0.3328,0.4608,4.0834,0.7295,5.7149,3.3147,0.2691,4636,3309
0e4f830e,OIDC,baseline,0.3263,0.5316,2.4196,0.6868,4.0691,1.7344,0.2636,4636,3309
0e4f830e,OIDC,baseline,0.3059,0.4537,2.9068,0.7062,4.476,2.2254,0.2657,4636,3309
0e4f830e,OIDC,baseline,0.3134,0.4701,3.9894,1.305,6.2437,2.9095,0.4674,4636,3309
0e4f830e,OIDC,baseline,0.6258,1.0856,3.2763,0.9764,6.1132,2.2103,0.378,4636,3309
0e4f830e,OIDC,baseline,0.504,0.51,3.4561,0.7291,5.3072,2.6788,0.2707,4636,3309
0e4f830e,OIDC,baseline,0.31,0.4597,2.5445,0.9749,4.4155,1.483,0.3759,4636,3309
0e4f830e,OIDC,baseline,0.3778,0.5651,2.1674,0.8317,4.082,1.2846,0.2786,4636,3309
0e4f830e,OIDC,baseline,0.5199,0.5111,3.1395,0.7805,5.0833,2.2628,0.2789,4636,3309
0e4f830e,OIDC,baseline,0.3283,0.4762,2.0776,0.7497,3.7367,1.3472,0.2868,4636,3309
0e4f830e,OIDC,baseline,0.333,0.4781,4.5211,0.7717,6.2143,3.7443,0.2733,4636,3309
0e4f830e,OIDC,baseline,0.3238,0.4752,3.1765,0.779,4.8696,2.2282,0.2799,4636,3309
0e4f830e,OIDC,baseline,0.3207,0.4934,3.7341,0.7291,5.3934,2.956,0.2726,4636,3309
0e4f830e,OIDC,baseline,0.3105,0.4667,2.4772,0.7148,4.0732,1.735,0.2707,4636,3309
0e4f830e,OIDC,baseline,0.3062,0.4651,2.859,0.8705,4.6277,1.9536,0.2907,4636,3309
0e4f830e,OIDC,baseline,0.4296,0.6759,2.2642,0.8097,4.3171,1.3779,0.2819,4636,3309
0e4f830e,OIDC,baseline,0.3657,0.4741,2.8072,0.7329,4.484,2.1107,0.286,4636,3309
0e4f830e,OIDC,baseline,0.3266,0.4836,1.9101,0.7372,3.5648,1.1816,0.2841,4636,3309
0e4f830e,OIDC,baseline,0.3303,0.4678,5.5819,0.8727,7.3753,4.6166,0.3081,4636,3309
0e4f830e,OIDC,baseline,0.4453,0.603,2.4974,0.7931,4.4703,1.7177,0.2863,4636,3309
0e4f830e,OIDC,baseline,0.4415,0.604,3.6799,0.8788,5.7421,2.6322,0.3019,4636,3309
0e4f830e,OIDC,baseline,0.3502,0.525,2.9633,0.8306,4.7912,1.9861,0.2968,4636,3309
0e4f830e,OIDC,baseline,0.4064,0.6333,2.9672,0.8751,5.0259,1.9311,0.3027,4636,3309
0e4f830e,OIDC,baseline,0.3666,0.5096,1.9382,0.7259,3.6479,1.1979,0.2835,4636,3309
0e4f830e,OIDC,baseline,0.3216,0.4926,3.2385,0.7754,4.9415,2.3119,0.2835,4636,3309
0e4f830e,OIDC,baseline,0.3412,0.5425,4.185,0.8362,6.0355,3.1792,0.2998,4636,3309
0e4f830e,OIDC,baseline,0.3612,0.4941,3.972,0.935,5.8951,3.0905,0.3137,4636,3309
0e4f830e,OIDC,baseline,0.4161,0.555,2.6953,0.7642,4.552,1.9665,0.2788,4636,3309
0e4f830e,OIDC,baseline,0.374,0.7836,3.942,0.7882,6.0294,2.824,0.2977,4636,3309
0e4f830e,OIDC,baseline,0.3436,0.4946,3.4645,0.792,5.2118,2.5776,0.2826,4636,3309
0e4f830e,OIDC,baseline,0.3439,0.5273,3.136,0.9744,5.1273,2.2548,0.3546,4636,3309
0e4f830e,OIDC,baseline,0.3629,0.5551,3.2024,0.94,5.2144,2.2542,0.2949,4636,3309
0e4f830e,OIDC,baseline,0.4587,0.6821,1.9814,0.7223,3.9714,1.2073,0.276,4636,3309
0e4f830e,OIDC,baseline,0.558,0.4714,2.5238,0.8832,4.5564,1.6823,0.3033,4636,3309
0e4f830e,OIDC,baseline,0.3318,0.4738,2.4965,1.0284,4.4604,1.785,0.3811,4636,3309
0e4f830e,OIDC,baseline,0.4597,0.7524,2.2292,0.7703,4.3609,1.2417,0.273,4636,3309
0e4f830e,OIDC,baseline,0.3192,0.4643,2.7844,0.8997,4.5855,1.8706,0.3466,4636,3309
0e4f830e,OIDC,baseline,0.4147,0.4866,4.2747,1.1972,6.5429,3.3206,0.3028,4636,3309
0e4f830e,OIDC,baseline,0.4897,0.5306,3.2364,0.8803,5.2778,2.3107,0.2906,4636,3309
0e4f830e,OIDC,baseline,0.3992,0.549,2.1842,0.7586,4.0135,1.2125,0.2729,4636,3309
0e4f830e,OIDC,baseline,0.321,0.5065,2.2992,0.9395,4.1889,1.463,0.2901,4636,3309
0e4f830e,OIDC,baseline,0.393,0.4858,2.311,1.0726,4.3859,1.6107,0.3207,4636,3309
0e4f830e,OIDC,baseline,0.4117,0.7439,3.1615,0.7467,5.213,2.0935,0.2745,4636,3309
0e4f830e,OIDC,baseline,0.3387,0.4934,4.1656,0.7591,5.87,3.293,0.2871,4636,3309
0e4f830e,OIDC,baseline,0.3098,0.4805,3.0474,1.022,4.9885,2.1744,0.3071,4636,3309
0e4f830e,OIDC,baseline,0.4185,0.6602,2.6389,0.8022,4.6533,1.7911,0.2903,4636,3309
0e4f830e,OIDC,baseline,0.3628,0.5533,3.2605,0.7392,5.0392,2.3518,0.2729,4636,3309
0e4f830e,OIDC,baseline,0.3463,0.489,2.9631,0.9534,4.9195,1.7556,0.3054,4636,3309
0e4f830e,OIDC,baseline,0.3553,0.4955,2.6049,1.1374,4.7217,1.6136,0.34,4636,3309
0e4f830e,OIDC,baseline,0.445,0.6945,3.056,0.7674,5.094,2.212,0.2768,4636,3309
0e4f830e,OIDC,baseline,0.3308,0.5975,3.4535,0.7896,5.2953,2.5052,0.2872,4636,3309
0e4f830e,OIDC,baseline,0.3484,0.4968,4.7299,0.8641,6.5771,3.6843,0.3255,4636,3309
0e4f830e,OIDC,baseline,0.4626,0.5968,3.3609,0.8594,5.4582,2.3839,0.3114,4636,3309
0e4f830e,OIDC,baseline,0.3539,0.5045,2.0868,0.7256,3.7769,1.3798,0.2745,4636,3309
0e4f830e,OIDC,baseline,0.3692,0.5607,3.1088,1.1404,5.3382,2.1077,0.357,4636,3309
0e4f830e,OIDC,baseline,0.5665,0.672,3.0342,0.7938,5.2318,2.165,0.281,4636,3309
0e4f830e,OIDC,baseline,0.3306,0.4849,2.5629,0.889,4.393,1.7894,0.2903,4636,3309
0e4f830e,OIDC,baseline,0.3812,0.6644,2.9515,0.7273,4.8469,2.1426,0.2761,4636,3309
0e4f830e,OIDC,baseline,0.326,0.7108,2.7542,0.7787,4.7075,1.7032,0.2755,4636,3309
0e4f830e,OIDC,baseline,0.3155,0.4791,2.2891,0.8308,4.0277,1.5311,0.2858,4636,3309
0e4f830e,OIDC,baseline,0.3469,0.494,2.9357,0.7076,4.5992,2.2431,0.2707,4636,3309
0e4f830e,OIDC,baseline,0.3137,0.4785,2.8087,1.1406,4.9037,1.7606,0.3175,4636,3309
0e4f830e,OIDC,baseline,0.7636,0.5662,4.3692,0.8323,6.6684,3.455,0.3121,4636,3309
0e4f830e,OIDC,baseline,0.3643,0.5053,3.1264,1.0513,5.2039,2.1251,0.351,4636,3309
0e4f830e,OIDC,baseline,0.6575,0.6386,2.685,0.982,5.1285,1.6098,0.3323,4636,3309
0e4f830e,OIDC,baseline,0.5503,0.7228,2.6032,0.8646,4.9049,1.43,0.2979,4636,3309
0e4f830e,OIDC,baseline,0.3609,0.5164,2.7066,0.8534,4.5686,1.6799,0.2993,4636,3309
0e4f830e,OIDC,baseline,0.3806,0.4971,2.6236,0.9992,4.6379,1.6622,0.3497,4636,3309
0e4f830e,OIDC,baseline,0.4548,1.178,3.3176,1.005,6.1286,2.1073,0.3367,4636,3309
0e4f830e,OIDC,baseline,0.5747,0.8674,3.2564,1.06,5.9614,1.9271,0.3457,4636,3309
0e4f830e,OIDC,baseline,0.4807,0.6877,2.8136,0.8218,4.9539,1.6002,0.3026,4636,3309
0e4f830e,OIDC,baseline,0.3627,0.805,6.5851,0.8224,8.7127,5.5201,0.2989,4636,3309
0e4f830e,OIDC,baseline,0.3257,0.496,2.8321,0.8043,4.5776,1.8805,0.2887,4636,3309
0e4f830e,OIDC,baseline,0.3456,0.5016,2.87,1.0471,4.8949,2.0458,0.3301,4636,3309
0e4f830e,OIDC,baseline,0.5171,0.6588,2.1938,0.7427,4.2526,1.3942,0.2775,4636,3309
0e4f830e,OIDC,baseline,0.3574,0.4927,2.5326,0.7881,4.2911,1.6269,0.2984,4636,3309
0e4f830e,OIDC,baseline,0.3189,0.4743,2.2818,0.8941,4.0868,1.3516,0.3119,4636,3309
0e4f830e,OIDC,baseline,0.4224,0.5339,4.432,0.878,6.4005,3.4876,0.2944,4636,3309
0e4f830e,OIDC,baseline,0.4305,0.552,3.1217,0.742,4.9719,2.2888,0.2756,4636,3309
0e4f830e,OIDC,baseline,0.3399,0.4835,2.7025,0.8166,4.4621,1.8317,0.289,4636,3309
0e4f830e,OIDC,baseline,0.3271,0.4769,2.8802,1.0769,4.8976,2.0955,0.3487,4636,3309
0e4f830e,OIDC,baseline,0.5043,0.7269,3.9258,1.8555,7.2754,2.4685,0.5941,4636,3309
0e4f830e,OIDC,baseline,0.8994,1.2167,3.4365,1.1709,6.963,1.9612,0.3517,4636,3309
0e4f830e,OIDC,baseline,0.6323,0.8047,4.3359,1.1243,7.1004,3.041,0.3355,4636,3309
0e4f830e,OIDC,baseline,0.4762,0.718,2.6299,0.9394,4.921,1.7115,0.3071,4636,3309
0e4f830e,OIDC,baseline,0.4239,0.599,2.3433,0.8004,4.3024,1.4842,0.2994,4636,3309
0e4f830e,OIDC,baseline,0.3345,0.5354,2.8161,1.622,5.5428,1.5608,0.5147,4636,3309
0e4f830e,OIDC,baseline,0.7131,0.9272,4.0368,0.9497,6.8101,2.7151,0.3216,4636,3309
0e4f830e,OIDC,baseline,0.3662,0.546,2.4191,0.8126,4.2588,1.6426,0.2908,4636,3309
0e4f830e,OIDC,baseline,0.4637,0.7482,2.5969,1.0073,4.9848,1.4695,0.3122,4636,3309
0e4f830e,OIDC,baseline,0.4357,0.5799,2.5955,0.8543,4.6104,1.5901,0.3037,4636,3309
0e4f830e,OIDC,baseline,0.5927,0.515,2.0928,0.8671,4.1864,1.3057,0.2994,4636,3309
0e4f830e,OIDC,baseline,0.4543,0.5936,2.6273,0.926,4.7358,1.7901,0.2991,4636,3309
0e4f830e,OIDC,baseline,0.4741,0.6904,2.8576,0.8949,5.0656,1.7925,0.2986,4636,3309
0e4f830e,OIDC,baseline,0.4201,0.5135,2.2277,0.9586,4.2744,1.4111,0.332,4636,3309
0e4f830e,OIDC,baseline,0.4115,0.5921,3.0839,0.7094,4.9173,2.3411,0.2775,4636,3309
0e4f830e,OIDC,baseline,0.349,0.4846,3.8003,2.213,7.1083,2.0673,0.7287,4636,3309
0e4f830e,OIDC,baseline,1.1586,1.1721,3.4711,1.0583,7.0501,2.1967,0.3655,4636,3309
0e4f830e,OIDC,baseline,0.4305,0.5917,3.7303,1.004,5.9099,2.6349,0.3243,4636,3309
0e4f830e,OIDC,baseline,0.4566,0.7351,2.9933,0.8099,5.1467,1.8692,0.3013,4636,3309
0e4f830e,OIDC,baseline,0.3433,0.5408,5.1895,0.8084,6.9977,4.3034,0.2933,4636,3309
0e4f830e,OIDC,baseline,0.3278,0.4881,2.6338,1.2516,4.8978,1.5808,0.312,4636,3309
0e4f830e,OIDC,baseline,1.2141,0.9005,3.8838,1.3738,7.5892,2.3599,0.4388,4636,3309
0e4f830e,OIDC,baseline,0.5549,0.6164,3.4144,0.9231,5.6686,2.2982,0.3157,4636,3309
0e4f830e,OIDC,baseline,0.4021,1.123,3.0519,1.0696,5.8207,1.4702,0.3238,4636,3309
0e4f830e,OIDC,baseline,0.6363,0.6153,6.0046,1.3147,8.791,4.5299,0.4963,4636,3309
0e4f830e,OIDC,baseline,0.6255,0.8129,4.0823,0.8789,6.5392,3.0762,0.304,4636,3309
0e4f830e,OIDC,baseline,0.6284,0.6041,2.12,0.7779,4.2643,1.389,0.2959,4636,3309
0e4f830e,OIDC,baseline,0.3818,0.524,2.8857,0.7101,4.6205,2.1654,0.2739,4636,3309
0e4f830e,OIDC,baseline,0.3235,0.4767,2.7795,1.608,5.3571,1.8946,0.5574,4636,3309
0e4f830e,OIDC,baseline,0.8875,1.2882,4.2507,1.3958,8.0552,2.7319,0.4923,4636,3309
0e4f830e,OIDC,baseline,0.5747,0.7731,4.098,0.8519,6.4539,2.9976,0.3001,4636,3309
0e4f830e,OIDC,baseline,0.3836,0.6867,2.9494,0.8906,5.0531,1.8617,0.3088,4636,3309
0e4f830e,OIDC,baseline,0.397,0.5638,2.5736,0.8042,4.4684,1.636,0.2951,4636,3309
0e4f830e,OIDC,baseline,0.3474,0.5303,2.114,0.7307,3.8295,1.3466,0.2766,4636,3309
0e4f830e,OIDC,baseline,0.3261,0.483,2.018,0.7733,3.7312,1.3103,0.3258,4636,3309
0e4f830e,OIDC,baseline,0.4353,0.7563,3.652,0.9319,5.9373,2.5862,0.3018,4636,3309
0e4f830e,OIDC,baseline,0.3904,0.4987,2.0219,0.7209,3.7427,1.3073,0.2739,4636,3309
0e4f830e,OIDC,baseline,0.324,0.4717,2.5795,0.7134,4.1939,1.8879,0.2716,4636,3309
0e4f830e,OIDC,baseline,0.3266,0.4722,2.1207,1.0045,4.0443,1.3833,0.301,4636,3309
0e4f830e,OIDC,baseline,0.7085,0.5445,2.5955,0.7256,4.6996,1.8723,0.2752,4636,3309
0e4f830e,OIDC,baseline,0.3167,0.4868,2.5515,0.688,4.145,1.8851,0.2702,4636,3309
0e4f830e,OIDC,baseline,0.3054,0.475,2.2045,0.7146,3.8038,1.5109,0.2755,4636,3309
0e4f830e,OIDC,baseline,0.3116,0.486,2.5536,0.8121,4.2845,1.6774,0.292,4636,3309
0e4f830e,OIDC,baseline,0.4834,1.2116,3.1488,1.1989,6.2483,1.8334,0.4588,4636,3309
0e4f830e,OIDC,baseline,0.453,0.6751,4.8923,0.7498,6.8871,4.0787,0.2869,4636,3309
0e4f830e,OIDC,baseline,0.3354,0.4976,3.1393,0.7638,4.8553,2.2637,0.2771,4636,3309
0e4f830e,OIDC,baseline,0.3172,0.4732,3.5591,0.7062,5.1577,2.8383,0.2766,4636,3309
0e4f830e,OIDC,baseline,0.3271,0.4654,2.8302,0.7344,4.4642,2.1172,0.2691,4636,3309
0e4f830e,OIDC,baseline,0.3167,0.4703,1.7379,0.6829,3.3064,1.0785,0.2626,4636,3309
0e4f830e,OIDC,baseline,0.3676,0.4866,2.6441,0.7513,4.3543,1.9604,0.2827,4636,3309
0e4f830e,OIDC,baseline,0.3169,0.5012,2.7288,0.6888,4.3507,2.0251,0.2667,4636,3309
0e4f830e,OIDC,baseline,0.3092,0.4607,2.4214,0.6856,3.9874,1.7583,0.2667,4636,3309
0e4f830e,OIDC,baseline,0.3104,0.4589,2.9109,0.7436,4.5333,2.0974,0.2742,4636,3309
0e4f830e,OIDC,baseline,0.3204,0.4871,3.2289,0.7027,4.8398,2.3106,0.2669,4636,3309
0e4f830e,OIDC,baseline,0.3074,0.4728,1.6844,0.6698,3.2332,1.021,0.2648,4636,3309
0e4f830e,OIDC,baseline,0.4119,0.5097,2.3914,0.7123,4.1469,1.7053,0.269,4636,3309
0e4f830e,OIDC,baseline,0.3116,0.4935,3.5543,0.7743,5.2451,2.6931,0.2795,4636,3309
0e4f830e,OIDC,baseline,0.3085,0.4736,2.8567,0.7247,4.4653,2.1541,0.2761,4636,3309
0e4f830e,OIDC,baseline,0.3135,0.4731,1.801,0.7079,3.3944,1.1233,0.2658,4636,3309
0e4f830e,OIDC,baseline,0.3228,0.4862,4.8825,0.8034,6.6144,3.9972,0.2874,4636,3309
0e4f830e,OIDC,baseline,0.3658,0.5492,3.1567,0.7502,4.9377,2.3161,0.2725,4636,3309
0e4f830e,OIDC,baseline,0.3157,0.4709,2.0748,0.7407,3.7111,1.2934,0.2748,4636,3309
0e4f830e,OIDC,baseline,0.3342,0.4737,2.7724,0.7493,4.4343,2.0083,0.2888,4636,3309
0e4f830e,OIDC,baseline,0.31,0.8458,4.3905,0.9895,6.6836,3.1746,0.3973,4636,3309
0e4f830e,OIDC,baseline,0.4951,0.7202,2.9943,0.9105,5.2849,1.7824,0.3131,4636,3309
0e4f830e,OIDC,baseline,0.4499,0.5678,3.4457,1.5,6.1761,2.2158,0.3941,4636,3309
0e4f830e,OIDC,baseline,0.8894,0.6859,3.9188,0.8885,6.5441,2.887,0.35,4636,3309
0e4f830e,OIDC,baseline,0.3502,0.5727,3.3354,0.8114,5.19,2.5008,0.3136,4636,3309
0e4f830e,OIDC,baseline,0.5996,0.5138,3.2628,1.0084,5.5218,2.3432,0.3162,4636,3309
0e4f830e,OIDC,baseline,0.4667,0.5324,2.4617,0.7225,4.3099,1.6014,0.2827,4636,3309
0e4f830e,OIDC,baseline,0.3291,0.4921,2.639,0.7723,4.3648,1.818,0.286,4636,3309
0e4f830e,OIDC,baseline,0.3314,0.5051,3.594,1.0789,5.6788,2.3541,0.3964,4636,3309
0e4f830e,OIDC,baseline,0.4355,0.6497,2.2626,0.8432,4.3319,1.3343,0.2939,4636,3309
0e4f830e,OIDC,baseline,0.3739,0.556,2.7153,0.917,4.719,1.6255,0.3048,4636,3309
0e4f830e,OIDC,baseline,0.3812,0.5551,2.4489,0.7796,4.2862,1.6353,0.2875,4636,3309
0e4f830e,OIDC,baseline,0.6772,1.3776,4.5198,0.9266,7.6761,3.1078,0.3123,4636,3309
0e4f830e,OIDC,baseline,0.4477,0.6749,2.5799,0.8576,4.7088,1.6407,0.304,4636,3309
0e4f830e,OIDC,baseline,0.4824,0.5735,3.89,1.0503,6.1493,2.8775,0.3231,4636,3309
0e4f830e,OIDC,baseline,0.4536,0.5496,2.4351,0.9053,4.4888,1.5153,0.3074,4636,3309
0e4f830e,OIDC,baseline,0.3721,0.5193,4.0804,0.8599,5.9563,3.1404,0.3068,4636,3309
0e4f830e,OIDC,baseline,0.3753,0.5267,3.1672,0.9228,5.1378,2.205,0.3108,4636,3309
0e4f830e,OIDC,baseline,0.4543,0.7001,3.3883,1.227,5.9666,2.2767,0.3162,4636,3309
0e4f830e,OIDC,baseline,1.0756,1.6234,3.859,1.7214,8.5826,1.6166,0.5488,4636,3309
0e4f830e,OIDC,baseline,0.8285,0.829,2.5654,0.8899,5.2802,1.395,0.3193,4636,3309
0e4f830e,OIDC,baseline,0.3766,0.5914,2.8837,1.057,5.0667,1.8077,0.3603,4636,3309
0e4f830e,OIDC,baseline,0.5294,0.56,2.3402,0.9447,4.5209,1.3712,0.3516,4636,3309
0e4f830e,OIDC,baseline,0.3806,0.5366,2.446,1.0389,4.5413,1.5773,0.3393,4636,3309
0e4f830e,OIDC,baseline,0.5066,0.6539,3.1491,0.8354,5.2883,2.1686,0.3158,4636,3309
0e4f830e,OIDC,baseline,0.3452,0.5167,2.5728,0.8551,4.4837,1.5114,0.3057,4636,3309
0e4f830e,OIDC,baseline,0.353,0.5133,2.2043,0.7976,3.9829,1.426,0.2877,4636,3309
0e4f830e,OIDC,baseline,0.4041,0.5943,2.0886,0.7782,3.9935,1.2335,0.2865,4636,3309
0e4f830e,OIDC,baseline,0.3407,0.4842,2.5714,0.875,4.4022,1.5735,0.301,4636,3309
0e4f830e,OIDC,baseline,0.4026,0.5766,3.2875,0.8114,5.2133,2.2485,0.297,4636,3309
0e4f830e,OIDC,baseline,0.4037,0.57,2.8905,0.769,4.7666,1.9997,0.2788,4636,3309
0e4f830e,OIDC,baseline,0.3294,0.5133,2.9183,0.8823,4.7726,2.0266,0.3013,4636,3309
0e4f830e,OIDC,baseline,0.3809,0.5027,3.9243,0.8814,5.8231,2.9027,0.2957,4636,3309
0e4f830e,OIDC,baseline,0.4322,0.5012,2.1278,0.7103,3.8886,1.3913,0.2769,4636,3309
0e4f830e,OIDC,baseline,0.6011,0.5301,2.2471,0.72,4.2161,1.4865,0.2786,4636,3309
0e4f830e,OIDC,baseline,0.3404,0.4822,2.2821,0.7667,3.9784,1.5714,0.2774,4636,3309
0e4f830e,OIDC,baseline,0.4448,0.5875,2.7208,0.7789,4.6677,1.7183,0.2861,4636,3309
0e4f830e,OIDC,baseline,0.3203,0.4788,3.0562,0.8134,4.7902,2.1294,0.292,4636,3309
0e4f830e,OIDC,baseline,0.3282,0.5078,3.2093,0.8494,5.0076,2.4551,0.2962,4636,3309
